{
    "precision_vs_K": [
        0.5914893617021276,
        0.5468085106382978,
        0.5134751773049645,
        0.474468085106383,
        0.44,
        0.4177304964539007,
        0.39209726443769,
        0.3675531914893617,
        0.3442080378250591,
        0.3302127659574468,
        0.31295938104448745,
        0.2946808510638298,
        0.2785597381342062,
        0.2653495440729483,
        0.25361702127659574,
        0.2422872340425532,
        0.232540675844806,
        0.2238770685579196,
        0.2154535274356103,
        0.20872340425531916
    ],
    "recall_vs_K": [
        0.08048639258830341,
        0.14881297046902142,
        0.20961204400694847,
        0.2582513028372901,
        0.29936305732484075,
        0.34105385060799076,
        0.3734800231615518,
        0.40011580775911987,
        0.42154024319629413,
        0.4493341053850608,
        0.46844238563983787,
        0.4811812391430226,
        0.49276201505500866,
        0.5055008685581934,
        0.5176606832657789,
        0.527504342790967,
        0.5379270411117545,
        0.548349739432542,
        0.5570353213665316,
        0.5680370584829183
    ],
    "f1_vs_K": [
        0.1416921508664628,
        0.23395539371870733,
        0.29769736842105265,
        0.33445819272590926,
        0.35630599586492073,
        0.37551801083838066,
        0.3825622775800712,
        0.38314388688660944,
        0.37896928682977615,
        0.38067206279126814,
        0.3752319109461966,
        0.36551572465361776,
        0.3559180259305729,
        0.3480167430735499,
        0.3404417364813404,
        0.33205759066885365,
        0.3247116392869626,
        0.3179452744670136,
        0.3107235142118863,
        0.3052746226855454
    ]
}