{
    "precision_vs_K": [
        0.6212765957446809,
        0.5659574468085107,
        0.5120567375886524,
        0.46702127659574466,
        0.43148936170212765,
        0.4014184397163121,
        0.3720364741641337,
        0.35425531914893615,
        0.33286052009456263,
        0.3119148936170213,
        0.29516441005802707,
        0.2794326241134752,
        0.2700490998363339,
        0.2571428571428571,
        0.24595744680851064,
        0.23430851063829788,
        0.22327909887359199,
        0.21442080378250591,
        0.20694288913773795,
        0.2002127659574468
    ],
    "recall_vs_K": [
        0.08453966415749856,
        0.15402431962941518,
        0.20903300521134915,
        0.254198031268095,
        0.29357266936884774,
        0.3277359583092067,
        0.35437174290677476,
        0.38563983786913725,
        0.40764331210191085,
        0.42443543717429066,
        0.4418066010422698,
        0.45628257093225244,
        0.47770700636942676,
        0.4898668210770122,
        0.5020266357845976,
        0.5101331789229878,
        0.5165026056745802,
        0.5251881876085698,
        0.535031847133758,
        0.5448755066589461
    ],
    "f1_vs_K": [
        0.1488277268093782,
        0.24214838416021847,
        0.296875,
        0.3292088488938883,
        0.3494141971054445,
        0.3608543194134523,
        0.3629893238434163,
        0.36928195176046574,
        0.36647579385736595,
        0.35957812116752513,
        0.3538961038961039,
        0.3466021552672091,
        0.34504391468005013,
        0.33725333864859475,
        0.3301599390708302,
        0.3211226535447421,
        0.31177909821740646,
        0.3045156958200436,
        0.29844961240310075,
        0.29282713552201645
    ]
}