{
    "precision_vs_K": [
        0.6340425531914894,
        0.5638297872340425,
        0.526241134751773,
        0.49042553191489363,
        0.46127659574468083,
        0.4269503546099291,
        0.4,
        0.37872340425531914,
        0.3546099290780142,
        0.33702127659574466,
        0.31760154738878144,
        0.30035460992907803,
        0.2877250409165303,
        0.2756838905775076,
        0.26382978723404255,
        0.25186170212765957,
        0.2420525657071339,
        0.23356973995271868,
        0.225531914893617,
        0.2178723404255319
    ],
    "recall_vs_K": [
        0.08627678054429647,
        0.15344528083381587,
        0.21482339316734222,
        0.2669368847712797,
        0.3138390272148234,
        0.3485813549507817,
        0.3810075275043428,
        0.4122756224667053,
        0.43427909669947884,
        0.4585987261146497,
        0.4753908511870295,
        0.49044585987261147,
        0.5089751013317892,
        0.5251881876085698,
        0.5385060799073538,
        0.548349739432542,
        0.5599305153445281,
        0.5720903300521135,
        0.5830920671685003,
        0.5929357266936884
    ],
    "f1_vs_K": [
        0.15188583078491336,
        0.2412380518889395,
        0.3050986842105263,
        0.3457067866516686,
        0.37353549276361125,
        0.3838061842524705,
        0.3902728351126928,
        0.39478791239257005,
        0.3904216553878189,
        0.3885209713024283,
        0.3807977736549165,
        0.3725533318671652,
        0.36762860727728985,
        0.36157065975682673,
        0.3541507996953541,
        0.3451795152177875,
        0.3379937084935338,
        0.3317105925801578,
        0.3252583979328165,
        0.3186556713863389
    ]
}