bucket,count,pct_vocab
"hapax
(df=1)",29207,47.52119230080864
"rare
(2-5)",15700,25.544654333642473
"medium
(6-50)",11822,19.23496200842811
"common
(>50)",4732,7.6991913571207755
