{
  "config": {
    "model_type": "tfidf_only",
    "model": null,
    "skip_tfidf": false,
    "agg": "max_chunk",
    "tfidf_scheme": "augmented",
    "tfidf_ngram": 7,
    "tfidf_top_n": 200,
    "tfidf_min_df": 2,
    "tfidf_max_df": 0.95,
    "alpha": 0.8,
    "chunk_tokens": 256,
    "chunk_stride": 128,
    "encode_batch": 128,
    "batch_size": 32,
    "max_length": 512,
    "citation_beta": 0.0,
    "label": "R_aug_n7",
    "group": "R"
  },
  "metrics": {
    "model": "",
    "MAP": 0.5942647070178492,
    "MRR": 0.7935436458572293,
    "R-Precision": 0.5472787348583676,
    "n_queries": 234,
    "P@5": 0.5162393162393162,
    "R@5": 0.5094623958319698,
    "F1@5": 0.426371602452217,
    "NDCG@5": 0.6839332514426071,
    "MAP@5": 0.6046759259259253,
    "MicroF1@5": 0.41626464507236394,
    "P@6": 0.4864672364672363,
    "R@6": 0.5549548496466703,
    "F1@6": 0.4324865856491346,
    "NDCG@6": 0.6856318630150945,
    "MAP@6": 0.5995785849952517,
    "MicroF1@6": 0.43544788014026137,
    "P@7": 0.45909645909645913,
    "R@7": 0.5928713442828477,
    "F1@7": 0.43301469298597817,
    "NDCG@7": 0.6877005661750425,
    "MAP@7": 0.594031024090548,
    "MicroF1@7": 0.4460260972716488,
    "P@8": 0.43322649572649574,
    "R@8": 0.6214105540366247,
    "F1@8": 0.4284068632717382,
    "NDCG@8": 0.6873886498662117,
    "MAP@8": 0.5877094356261023,
    "MicroF1@8": 0.44968117549209874,
    "P@9": 0.40740740740740755,
    "R@9": 0.6404492631040039,
    "F1@9": 0.4194901996386397,
    "NDCG@9": 0.6841995540758667,
    "MAP@9": 0.5806258384962085,
    "MicroF1@9": 0.4466423737636647,
    "P@10": 0.3833333333333335,
    "R@10": 0.6543512163229636,
    "F1@10": 0.408512259196433,
    "NDCG@10": 0.6823552621948505,
    "MAP@10": 0.5755974426807761,
    "MicroF1@10": 0.44002943340691686,
    "P@11": 0.36363636363636404,
    "R@11": 0.6708179916371246,
    "F1@11": 0.4001853805250753,
    "NDCG@11": 0.6838190314816085,
    "MAP@11": 0.5746712112242416,
    "MicroF1@11": 0.4341372912801484,
    "P@15": 0.2948717948717952,
    "R@15": 0.7092430097603689,
    "F1@15": 0.3577406703858888,
    "NDCG@15": 0.6873630387431675,
    "MAP@15": 0.5715579565515739,
    "MicroF1@15": 0.3941355674028941,
    "P@20": 0.24337606837606846,
    "R@20": 0.7401159856273143,
    "F1@20": 0.31870432284414607,
    "NDCG@20": 0.6969040361199991,
    "MAP@20": 0.5772786288030533,
    "MicroF1@20": 0.3544421969814843,
    "_micro_f1": 0.45068074465129204,
    "_micro_k": 8,
    "_micro_f1_curve": [
      0.16930137684854665,
      0.2806378132118451,
      0.3524083985179086,
      0.3875328576793091,
      0.41698308595098377,
      0.43628233791121046,
      0.4469539375928678,
      0.45068074465129204,
      0.44769110357422387,
      0.44111138431276126,
      0.4352476168332946,
      0.42293274531422265,
      0.41853638079261907,
      0.4081551069358385,
      0.3952644643880084,
      0.3864010235788704,
      0.37896581945661706,
      0.37110624684290283,
      0.36449052324639564,
      0.35554861869829874
    ],
    "_elapsed": 35.602612018585205
  }
}