{
  "config": {
    "model_type": "tfidf_only",
    "model": null,
    "skip_tfidf": false,
    "agg": "max_chunk",
    "tfidf_scheme": "binary",
    "tfidf_ngram": 7,
    "tfidf_top_n": 200,
    "tfidf_min_df": 2,
    "tfidf_max_df": 0.95,
    "alpha": 0.8,
    "chunk_tokens": 256,
    "chunk_stride": 128,
    "encode_batch": 128,
    "batch_size": 32,
    "max_length": 512,
    "citation_beta": 0.0,
    "label": "R_bin_n7",
    "group": "R"
  },
  "metrics": {
    "model": "",
    "MAP": 0.5909827197706823,
    "MRR": 0.7927856603927455,
    "R-Precision": 0.545349081610256,
    "n_queries": 234,
    "P@5": 0.5153846153846153,
    "R@5": 0.5068982932678673,
    "F1@5": 0.4248657009463155,
    "NDCG@5": 0.6824600135965905,
    "MAP@5": 0.6030745489078817,
    "MicroF1@5": 0.4155754651964162,
    "P@6": 0.4850427350427349,
    "R@6": 0.5492568439486645,
    "F1@6": 0.43031591681179904,
    "NDCG@6": 0.6828682656394094,
    "MAP@6": 0.5972863247863248,
    "MicroF1@6": 0.4341727765380937,
    "P@7": 0.4542124542124543,
    "R@7": 0.5762046776161809,
    "F1@7": 0.42617186070454943,
    "NDCG@7": 0.6802999707198549,
    "MAP@7": 0.5885125588697018,
    "MicroF1@7": 0.4412811387900356,
    "P@8": 0.43162393162393164,
    "R@8": 0.6159974486235194,
    "F1@8": 0.426428124392219,
    "NDCG@8": 0.6842205376933752,
    "MAP@8": 0.5849364061864063,
    "MicroF1@8": 0.4480177432769614,
    "P@9": 0.4069325735992404,
    "R@9": 0.6394114120661528,
    "F1@9": 0.4187953535490567,
    "NDCG@9": 0.6825974822299248,
    "MAP@9": 0.5783339551395105,
    "MicroF1@9": 0.446121811556481,
    "P@10": 0.3833333333333335,
    "R@10": 0.653781415753163,
    "F1@10": 0.4084245975703099,
    "NDCG@10": 0.6810643988491711,
    "MAP@10": 0.5737611925111926,
    "MicroF1@10": 0.44002943340691686,
    "P@11": 0.36208236208236244,
    "R@11": 0.6693645068503064,
    "F1@11": 0.39874031419296724,
    "NDCG@11": 0.6816263792663143,
    "MAP@11": 0.5716022837992536,
    "MicroF1@11": 0.4322820037105751,
    "P@15": 0.29316239316239356,
    "R@15": 0.7067822150107356,
    "F1@15": 0.3557640254080361,
    "NDCG@15": 0.6848388850668033,
    "MAP@15": 0.5686202668414208,
    "MicroF1@15": 0.3918507235338919,
    "P@20": 0.24102564102564103,
    "R@20": 0.7342074947829259,
    "F1@20": 0.3154745724995123,
    "NDCG@20": 0.6929607249067116,
    "MAP@20": 0.5733937151594286,
    "MicroF1@20": 0.3510191380115139,
    "_micro_f1": 0.4490136148930259,
    "_micro_k": 8,
    "_micro_f1_curve": [
      0.16930137684854665,
      0.2806378132118451,
      0.3507616303005352,
      0.38603079233946674,
      0.4162927166033828,
      0.43500479080166077,
      0.4421991084695394,
      0.4490136148930259,
      0.4471693190712236,
      0.44111138431276126,
      0.433387584282725,
      0.4224917309812569,
      0.4181170056615643,
      0.4069558265040975,
      0.3929730761886576,
      0.38457320416742824,
      0.3765118317265556,
      0.36874894763428184,
      0.3602786327555483,
      0.35211487435617295
    ],
    "_elapsed": 34.88420295715332
  }
}