{
  "config": {
    "model_type": "tfidf_only",
    "model": null,
    "skip_tfidf": false,
    "agg": "max_chunk",
    "tfidf_scheme": "log",
    "tfidf_ngram": 7,
    "tfidf_top_n": 200,
    "tfidf_min_df": 2,
    "tfidf_max_df": 0.95,
    "alpha": 0.8,
    "chunk_tokens": 256,
    "chunk_stride": 128,
    "encode_batch": 128,
    "batch_size": 32,
    "max_length": 512,
    "citation_beta": 0.0,
    "label": "R_log_n7",
    "group": "R"
  },
  "metrics": {
    "model": "",
    "MAP": 0.5960960849575933,
    "MRR": 0.8015102626605567,
    "R-Precision": 0.5480713190622557,
    "n_queries": 234,
    "P@5": 0.5188034188034187,
    "R@5": 0.5111542660926806,
    "F1@5": 0.428466757647187,
    "NDCG@5": 0.6888481520422451,
    "MAP@5": 0.6114494301994302,
    "MicroF1@5": 0.4183321847002067,
    "P@6": 0.4836182336182338,
    "R@6": 0.55366001525401,
    "F1@6": 0.4295882839577419,
    "NDCG@6": 0.6875539007825361,
    "MAP@6": 0.6010292022792022,
    "MicroF1@6": 0.432897672935926,
    "P@7": 0.4523809523809525,
    "R@7": 0.5821152052763315,
    "F1@7": 0.42550632409940414,
    "NDCG@7": 0.6850742696543196,
    "MAP@7": 0.5917927156617633,
    "MicroF1@7": 0.4395017793594306,
    "P@8": 0.43162393162393164,
    "R@8": 0.6177982119627444,
    "F1@8": 0.42641589399146385,
    "NDCG@8": 0.6886353394055894,
    "MAP@8": 0.5896561452216212,
    "MicroF1@8": 0.4480177432769614,
    "P@9": 0.40740740740740783,
    "R@9": 0.6437031397344134,
    "F1@9": 0.41964151086808177,
    "NDCG@9": 0.6879420733672518,
    "MAP@9": 0.5831486609363593,
    "MicroF1@9": 0.4466423737636647,
    "P@10": 0.3854700854700855,
    "R@10": 0.6608791020175161,
    "F1@10": 0.41109232085722813,
    "NDCG@10": 0.6878743837517618,
    "MAP@10": 0.5803050282316156,
    "MicroF1@10": 0.4424822173166544,
    "P@11": 0.3613053613053616,
    "R@11": 0.6735103401481195,
    "F1@11": 0.3986004298745461,
    "NDCG@11": 0.6864928120039429,
    "MAP@11": 0.5758607015145615,
    "MicroF1@11": 0.43135435992578847,
    "P@15": 0.2954415954415958,
    "R@15": 0.7115654683704665,
    "F1@15": 0.3579022513660669,
    "NDCG@15": 0.6910852136563458,
    "MAP@15": 0.5743243916481682,
    "MicroF1@15": 0.39489718202589486,
    "P@20": 0.2423076923076923,
    "R@20": 0.744819210266884,
    "F1@20": 0.31790420604473696,
    "NDCG@20": 0.7005654826929401,
    "MAP@20": 0.5796591609909204,
    "MicroF1@20": 0.35288626108604326,
    "_micro_f1": 0.4490136148930259,
    "_micro_k": 8,
    "_micro_f1_curve": [
      0.1723610402855686,
      0.2797266514806378,
      0.3474680938657884,
      0.398047315058205,
      0.4190541939937867,
      0.4337272436921112,
      0.4404160475482912,
      0.4490136148930259,
      0.44769110357422387,
      0.4435701991640029,
      0.4324575680074401,
      0.424696802646086,
      0.4160201300062906,
      0.40575654607235656,
      0.39602826045445866,
      0.3882288429903125,
      0.37931638913234006,
      0.3704327327832968,
      0.3618985906366434,
      0.3539878258155143
    ],
    "_elapsed": 32.64170217514038
  }
}