{
  "config": {
    "model_type": "tfidf_only",
    "model": null,
    "skip_tfidf": false,
    "agg": "max_chunk",
    "tfidf_scheme": "log",
    "tfidf_ngram": 4,
    "tfidf_top_n": 200,
    "tfidf_min_df": 2,
    "tfidf_max_df": 0.95,
    "alpha": 0.8,
    "chunk_tokens": 256,
    "chunk_stride": 128,
    "encode_batch": 128,
    "batch_size": 32,
    "max_length": 512,
    "citation_beta": 0.0,
    "label": "R_log_n4",
    "group": "R"
  },
  "metrics": {
    "model": "",
    "MAP": 0.5906024947650554,
    "MRR": 0.796008922705412,
    "R-Precision": 0.547932657715643,
    "n_queries": 234,
    "P@5": 0.5205128205128206,
    "R@5": 0.5125336239659068,
    "F1@5": 0.42918935377729034,
    "NDCG@5": 0.6882150494484002,
    "MAP@5": 0.610466524216524,
    "MicroF1@5": 0.419710544452102,
    "P@6": 0.4843304843304844,
    "R@6": 0.5467757964132692,
    "F1@6": 0.4287327370016593,
    "NDCG@6": 0.6841635040413692,
    "MAP@6": 0.5990895061728396,
    "MicroF1@6": 0.4335352247370099,
    "P@7": 0.45054945054945067,
    "R@7": 0.5795967399582562,
    "F1@7": 0.42429641959684766,
    "NDCG@7": 0.6818008860669674,
    "MAP@7": 0.5894506221291937,
    "MicroF1@7": 0.4377224199288256,
    "P@8": 0.421474358974359,
    "R@8": 0.6085695406269686,
    "F1@8": 0.417509740300955,
    "NDCG@8": 0.679711066186012,
    "MAP@8": 0.5801761003546717,
    "MicroF1@8": 0.4374826725810923,
    "P@9": 0.4012345679012348,
    "R@9": 0.6333015375782715,
    "F1@9": 0.41369270127967894,
    "NDCG@9": 0.6801306313225526,
    "MAP@9": 0.5757526560006715,
    "MicroF1@9": 0.43987506507027596,
    "P@10": 0.38162393162393166,
    "R@10": 0.659769978594613,
    "F1@10": 0.40764287230175206,
    "NDCG@10": 0.6836040807619491,
    "MAP@10": 0.5747226811744006,
    "MicroF1@10": 0.4380672062791268,
    "P@11": 0.36130536130536156,
    "R@11": 0.6723939165205479,
    "F1@11": 0.39776946249872536,
    "NDCG@11": 0.6837036710330752,
    "MAP@11": 0.572083381641162,
    "MicroF1@11": 0.43135435992578847,
    "P@15": 0.2931623931623935,
    "R@15": 0.7080111357135698,
    "F1@15": 0.3556475286949844,
    "NDCG@15": 0.6867689340715817,
    "MAP@15": 0.5690952506027106,
    "MicroF1@15": 0.3918507235338919,
    "P@20": 0.23867521367521363,
    "R@20": 0.7351686161993002,
    "F1@20": 0.3133130792231554,
    "NDCG@20": 0.6938144950712478,
    "MAP@20": 0.5726202514964248,
    "MicroF1@20": 0.34759607904154344,
    "_micro_f1": 0.4409079050352205,
    "_micro_k": 9,
    "_micro_f1_curve": [
      0.16930137684854665,
      0.2769931662870159,
      0.3507616303005352,
      0.398047315058205,
      0.4204349326889886,
      0.43436601724688595,
      0.4386329866270431,
      0.4384551264240067,
      0.4409079050352205,
      0.43914433243176787,
      0.4324575680074401,
      0.42116868798235946,
      0.4109876284336339,
      0.4017589446332201,
      0.3929730761886576,
      0.38457320416742824,
      0.3737072743207712,
      0.3640343492170399,
      0.3573627085695772,
      0.34868113001404716
    ],
    "_elapsed": 16.069847106933594
  }
}