{
    "precision_vs_K": [
        0.6297872340425532,
        0.5595744680851064,
        0.5191489361702127,
        0.48829787234042554,
        0.4553191489361702,
        0.4226950354609929,
        0.38966565349544074,
        0.36223404255319147,
        0.33853427895981086,
        0.3204255319148936,
        0.30174081237911027,
        0.2897163120567376,
        0.2795417348608838,
        0.26595744680851063,
        0.2530496453900709,
        0.24122340425531916,
        0.23178973717146434,
        0.22174940898345152,
        0.21254199328107504,
        0.20425531914893616
    ],
    "recall_vs_K": [
        0.08569774174869717,
        0.15228720324261724,
        0.2119281991893457,
        0.26577880718008107,
        0.30978575564562827,
        0.34510712217718587,
        0.3711638679791546,
        0.3943254198031268,
        0.4145917776491025,
        0.4360162130862768,
        0.451650260567458,
        0.4730746960046323,
        0.4944991314418066,
        0.506658946149392,
        0.5165026056745802,
        0.5251881876085698,
        0.5361899247249565,
        0.5431383902721483,
        0.5495078170237406,
        0.555877243775333
    ],
    "f1_vs_K": [
        0.1508664627930683,
        0.2394173873463814,
        0.30098684210526316,
        0.344206974128234,
        0.36871123363197794,
        0.3799808734459675,
        0.3801897983392646,
        0.37759911283615194,
        0.3727225403435711,
        0.3693892568064753,
        0.3617810760667904,
        0.3593578183417638,
        0.357172731074864,
        0.34881403229021324,
        0.3396801218583396,
        0.33059959905230546,
        0.3236630548759175,
        0.31492361927144535,
        0.3065245478036176,
        0.2987396919246927
    ]
}