{
  "config": {
    "model_type": "tfidf_only",
    "model": null,
    "agg": "max_chunk",
    "tfidf_scheme": "augmented",
    "tfidf_ngram": 6,
    "tfidf_top_n": 200,
    "tfidf_min_df": 2,
    "tfidf_max_df": 0.95,
    "alpha": 0.8,
    "chunk_tokens": 256,
    "chunk_stride": 128,
    "encode_batch": 128,
    "batch_size": 32,
    "max_length": 512,
    "label": "R_aug_n6",
    "group": "R"
  },
  "metrics": {
    "model": "",
    "MAP": 0.597702288703815,
    "MRR": 0.7956965602966422,
    "R-Precision": 0.5517051881574999,
    "n_queries": 234,
    "P@5": 0.5153846153846153,
    "R@5": 0.511166710036284,
    "F1@5": 0.4259823905245435,
    "NDCG@5": 0.6867338236627006,
    "MAP@5": 0.6084698480531809,
    "MicroF1@5": 0.4155754651964162,
    "P@6": 0.4864672364672363,
    "R@6": 0.5570914950525465,
    "F1@6": 0.4324018641704304,
    "NDCG@6": 0.6889791021483216,
    "MAP@6": 0.6032134377967713,
    "MicroF1@6": 0.43544788014026137,
    "P@7": 0.4554334554334554,
    "R@7": 0.5865304629419664,
    "F1@7": 0.4288204466864687,
    "NDCG@7": 0.6869909447874004,
    "MAP@7": 0.5946625530554104,
    "MicroF1@7": 0.4424673784104389,
    "P@8": 0.4321581196581197,
    "R@8": 0.6199657025917733,
    "F1@8": 0.42719649182725306,
    "NDCG@8": 0.6890144147955063,
    "MAP@8": 0.590443376068376,
    "MicroF1@8": 0.44857222068200725,
    "P@9": 0.4078822412155747,
    "R@9": 0.6397419931659647,
    "F1@9": 0.41959379974223976,
    "NDCG@9": 0.6865860546384651,
    "MAP@9": 0.5840841360285803,
    "MicroF1@9": 0.4471629359708485,
    "P@10": 0.3850427350427353,
    "R@10": 0.657176001059677,
    "F1@10": 0.41052836962215444,
    "NDCG@10": 0.6862430467480525,
    "MAP@10": 0.5799738841405507,
    "MicroF1@10": 0.44199166053470695,
    "P@11": 0.3640248640248643,
    "R@11": 0.6691106572583855,
    "F1@11": 0.399920898810116,
    "NDCG@11": 0.686045228346833,
    "MAP@11": 0.5779823277171763,
    "MicroF1@11": 0.4346011131725417,
    "P@15": 0.2965811965811969,
    "R@15": 0.7114932002156875,
    "F1@15": 0.35971480736002587,
    "NDCG@15": 0.6910319390100945,
    "MAP@15": 0.5758471563388601,
    "MicroF1@15": 0.3964204112718964,
    "P@20": 0.2435897435897436,
    "R@20": 0.7410405379732714,
    "F1@20": 0.31900732213080674,
    "NDCG@20": 0.699677765061512,
    "MAP@20": 0.5808678109429625,
    "MicroF1@20": 0.3547533841605726,
    "_micro_f1": 0.44956932481244793,
    "_micro_k": 8,
    "_micro_f1_curve": [
      0.17032126466088726,
      0.283371298405467,
      0.35652531906134205,
      0.3875328576793091,
      0.4162927166033828,
      0.43628233791121046,
      0.44338781575037145,
      0.44956932481244793,
      0.44821288807722404,
      0.44307843619375464,
      0.435712624970937,
      0.4255788313120177,
      0.4176976305305095,
      0.4073555866480112,
      0.39755585258735915,
      0.38713215134344725,
      0.37931638913234006,
      0.3714430038727059,
      0.3631945569415195,
      0.35586077727485566
    ],
    "_elapsed": 27.646120071411133
  }
}