{
  "config": {
    "model_type": "tfidf_only",
    "model": null,
    "agg": "max_chunk",
    "tfidf_scheme": "augmented",
    "tfidf_ngram": 9,
    "tfidf_top_n": 200,
    "tfidf_min_df": 2,
    "tfidf_max_df": 0.95,
    "alpha": 0.8,
    "chunk_tokens": 256,
    "chunk_stride": 128,
    "encode_batch": 128,
    "batch_size": 32,
    "max_length": 512,
    "label": "R_aug_n9",
    "group": "R"
  },
  "metrics": {
    "model": "",
    "MAP": 0.5898926145658344,
    "MRR": 0.785108896694481,
    "R-Precision": 0.5457445747411263,
    "n_queries": 234,
    "P@5": 0.5128205128205128,
    "R@5": 0.506154343485456,
    "F1@5": 0.42314878812953755,
    "NDCG@5": 0.6778358672190186,
    "MAP@5": 0.5987903608736937,
    "MicroF1@5": 0.4135079255685734,
    "P@6": 0.48076923076923056,
    "R@6": 0.5451362257254821,
    "F1@6": 0.42573831692380776,
    "NDCG@6": 0.6768189774284805,
    "MAP@6": 0.5913330959164294,
    "MicroF1@6": 0.4303474657315907,
    "P@7": 0.4566544566544567,
    "R@7": 0.588431648176485,
    "F1@7": 0.4300351108397293,
    "NDCG@7": 0.6817658638884783,
    "MAP@7": 0.5877997025020836,
    "MicroF1@7": 0.4436536180308422,
    "P@8": 0.4326923076923077,
    "R@8": 0.6224119881902329,
    "F1@8": 0.42862479935954717,
    "NDCG@8": 0.6836048517619413,
    "MAP@8": 0.5834355316200555,
    "MicroF1@8": 0.44912669808705297,
    "P@9": 0.40835707502374197,
    "R@9": 0.6419492727561874,
    "F1@9": 0.42064796846281727,
    "NDCG@9": 0.6814637427942195,
    "MAP@9": 0.5771630853591833,
    "MicroF1@9": 0.44768349817803227,
    "P@10": 0.38418803418803443,
    "R@10": 0.6544614455998596,
    "F1@10": 0.4091416627739592,
    "NDCG@10": 0.6793377787397951,
    "MAP@10": 0.5724755523846133,
    "MicroF1@10": 0.4410105469708119,
    "P@11": 0.3601398601398604,
    "R@11": 0.664517930989238,
    "F1@11": 0.3963263994413581,
    "NDCG@11": 0.6772431713613356,
    "MAP@11": 0.5679452047860839,
    "MicroF1@11": 0.4299628942486086,
    "P@15": 0.2943019943019947,
    "R@15": 0.7074363747186037,
    "F1@15": 0.3567713844848372,
    "NDCG@15": 0.6832121468495348,
    "MAP@15": 0.5671041396658257,
    "MicroF1@15": 0.3933739527798934,
    "P@20": 0.24316239316239316,
    "R@20": 0.7399574979499729,
    "F1@20": 0.31852151837635173,
    "NDCG@20": 0.6933231214649184,
    "MAP@20": 0.5729416937432029,
    "MicroF1@20": 0.3541310098023961,
    "_micro_f1": 0.45012503473187,
    "_micro_k": 8,
    "_micro_f1_curve": [
      0.16624171341152474,
      0.27608200455580867,
      0.3482914779744751,
      0.3845287269996244,
      0.4142216085605799,
      0.43117214947301186,
      0.44457652303120354,
      0.45012503473187,
      0.44873467258022437,
      0.442094910253258,
      0.43106254359451285,
      0.42160970231532524,
      0.41643950513734534,
      0.40575654607235656,
      0.39450066832155817,
      0.38566989581429356,
      0.3772129710780017,
      0.3707694898130998,
      0.36416653167017665,
      0.3552364601217418
    ],
    "_elapsed": 48.08885097503662
  }
}