{
  "config": {
    "model_type": "tfidf_only",
    "model": null,
    "agg": "max_chunk",
    "tfidf_scheme": "log",
    "tfidf_ngram": 9,
    "tfidf_top_n": 200,
    "tfidf_min_df": 2,
    "tfidf_max_df": 0.95,
    "alpha": 0.8,
    "chunk_tokens": 256,
    "chunk_stride": 128,
    "encode_batch": 128,
    "batch_size": 32,
    "max_length": 512,
    "label": "R_log_n9",
    "group": "R"
  },
  "metrics": {
    "model": "",
    "MAP": 0.5970477506413256,
    "MRR": 0.8013923253556786,
    "R-Precision": 0.5508079829616075,
    "n_queries": 234,
    "P@5": 0.5162393162393161,
    "R@5": 0.5095887494630615,
    "F1@5": 0.42666130227428467,
    "NDCG@5": 0.6874528772410143,
    "MAP@5": 0.6096723646723646,
    "MicroF1@5": 0.41626464507236394,
    "P@6": 0.48005698005698016,
    "R@6": 0.5476292713065991,
    "F1@6": 0.42629410973049225,
    "NDCG@6": 0.6844764156696967,
    "MAP@6": 0.5984164292497623,
    "MicroF1@6": 0.4297099139305069,
    "P@7": 0.45482295482295493,
    "R@7": 0.5833257705894609,
    "F1@7": 0.4271149437748255,
    "NDCG@7": 0.6867232971111855,
    "MAP@7": 0.5942577572339476,
    "MicroF1@7": 0.44187425860023727,
    "P@8": 0.4321581196581197,
    "R@8": 0.618591862756395,
    "F1@8": 0.4270806613228978,
    "NDCG@8": 0.6892741775091094,
    "MAP@8": 0.5906068363955267,
    "MicroF1@8": 0.44857222068200725,
    "P@9": 0.407882241215575,
    "R@9": 0.6448328267615364,
    "F1@9": 0.42041635330959076,
    "NDCG@9": 0.6887194211808445,
    "MAP@9": 0.5842457827543808,
    "MicroF1@9": 0.4471629359708485,
    "P@10": 0.38461538461538464,
    "R@10": 0.6605844557083769,
    "F1@10": 0.4106065249766954,
    "NDCG@10": 0.6877045855875124,
    "MAP@10": 0.5801647557566871,
    "MicroF1@10": 0.4415011037527594,
    "P@11": 0.3624708624708628,
    "R@11": 0.6745860111148705,
    "F1@11": 0.3996099771260211,
    "NDCG@11": 0.6876492552876384,
    "MAP@11": 0.5772448642004318,
    "MicroF1@11": 0.4327458256029685,
    "P@15": 0.296581196581197,
    "R@15": 0.7133465074250828,
    "F1@15": 0.3593080337316426,
    "NDCG@15": 0.6924651157155289,
    "MAP@15": 0.5758664917207249,
    "MicroF1@15": 0.3964204112718964,
    "P@20": 0.24273504273504273,
    "R@20": 0.7435934396103312,
    "F1@20": 0.3183577137874871,
    "NDCG@20": 0.7010282770893672,
    "MAP@20": 0.5808957300331372,
    "MicroF1@20": 0.3535086354442197,
    "_micro_f1": 0.44956932481244793,
    "_micro_k": 8,
    "_micro_f1_curve": [
      0.1723610402855686,
      0.2797266514806378,
      0.34417455743104164,
      0.3950431843785205,
      0.41698308595098377,
      0.4305333759182369,
      0.4427934621099554,
      0.44956932481244793,
      0.44821288807722404,
      0.4425866732235063,
      0.4338525924203674,
      0.424696802646086,
      0.4156007548752359,
      0.4081551069358385,
      0.39755585258735915,
      0.38713215134344725,
      0.38001752848378617,
      0.3704327327832968,
      0.3631945569415195,
      0.3546121429686281
    ],
    "_elapsed": 43.77217388153076
  }
}