{
    "precision_vs_K": [
        0.6170212765957447,
        0.5446808510638298,
        0.5063829787234042,
        0.47127659574468084,
        0.4425531914893617,
        0.4127659574468085,
        0.3878419452887538,
        0.36542553191489363,
        0.3475177304964539,
        0.3302127659574468,
        0.31373307543520307,
        0.29716312056737587,
        0.2824877250409165,
        0.26778115501519756,
        0.255886524822695,
        0.24601063829787234,
        0.23479349186483103,
        0.22671394799054373,
        0.21881298992161255,
        0.21063829787234042
    ],
    "recall_vs_K": [
        0.08396062536189924,
        0.1482339316734221,
        0.20671685002895193,
        0.2565141864504922,
        0.30110017371163866,
        0.3370005790387956,
        0.36942675159235666,
        0.3977996525767226,
        0.4255935147654893,
        0.4493341053850608,
        0.4696004632310365,
        0.48523451071221774,
        0.49971048060220036,
        0.5101331789229878,
        0.5222929936305732,
        0.5356108859293572,
        0.5431383902721483,
        0.5552982049797336,
        0.5657209033005212,
        0.5732484076433121
    ],
    "f1_vs_K": [
        0.14780835881753313,
        0.2330450614474283,
        0.2935855263157895,
        0.3322084739407574,
        0.3583735354927636,
        0.3710551482307937,
        0.3784104389086596,
        0.38092597726642635,
        0.38261322228006245,
        0.38067206279126814,
        0.3761595547309833,
        0.36859467780954475,
        0.3609368465077373,
        0.3512058999402033,
        0.3434881949733435,
        0.33716056132677236,
        0.3278573925200978,
        0.3219741480611046,
        0.31556847545219635,
        0.30807530729733934
    ]
}