{
    "precision_vs_K": [
        0.6042553191489362,
        0.5638297872340425,
        0.5191489361702127,
        0.4829787234042553,
        0.45191489361702125,
        0.4276595744680851,
        0.3933130699088146,
        0.3696808510638298,
        0.34988179669030733,
        0.3276595744680851,
        0.3114119922630561,
        0.2953900709219858,
        0.2811783960720131,
        0.2680851063829787,
        0.2561702127659575,
        0.2449468085106383,
        0.2357947434292866,
        0.22742316784869976,
        0.2181410974244121,
        0.2104255319148936
    ],
    "recall_vs_K": [
        0.08222350897510133,
        0.15344528083381587,
        0.2119281991893457,
        0.26288361320208453,
        0.307469600463231,
        0.349160393746381,
        0.37463810075275045,
        0.40243196294151706,
        0.4284887087434858,
        0.445859872611465,
        0.46612623045744067,
        0.4823393167342212,
        0.4973943254198031,
        0.5107122177185871,
        0.5228720324261725,
        0.5332947307469601,
        0.5454545454545454,
        0.5570353213665316,
        0.5639837869137232,
        0.5726693688477128
    ],
    "f1_vs_K": [
        0.14475025484199797,
        0.2412380518889395,
        0.30098684210526316,
        0.3404574428196475,
        0.3659545141281874,
        0.3844437360535544,
        0.3837485172004745,
        0.38536179650679236,
        0.3852160333159813,
        0.37772872209958297,
        0.37337662337662336,
        0.3663954255553112,
        0.3592639063153492,
        0.351604544548535,
        0.34386900228484385,
        0.33570256971022416,
        0.329255505068158,
        0.32298136645962733,
        0.31459948320413433,
        0.3077641201182511
    ]
}