{
    "precision_vs_K": [
        0.5957446808510638,
        0.5425531914893617,
        0.4879432624113475,
        0.4553191489361702,
        0.414468085106383,
        0.3843971631205674,
        0.35623100303951366,
        0.33617021276595743,
        0.3191489361702128,
        0.30042553191489363,
        0.2851063829787234,
        0.26879432624113475,
        0.2572831423895254,
        0.24498480243161094,
        0.23375886524822695,
        0.2247340425531915,
        0.21551939924906133,
        0.20756501182033096,
        0.1997760358342665,
        0.19276595744680852
    ],
    "recall_vs_K": [
        0.08106543138390272,
        0.14765489287782282,
        0.19918934568616098,
        0.2478286045165026,
        0.2819918934568616,
        0.3138390272148234,
        0.3393167342211928,
        0.36595251881876084,
        0.390851187029531,
        0.4088013896931094,
        0.4267515923566879,
        0.4389114070642733,
        0.45512449334105387,
        0.46670526925303996,
        0.47712796757382747,
        0.48928778228141284,
        0.49855240301100173,
        0.50839606253619,
        0.5165026056745802,
        0.5246091488129705
    ],
    "f1_vs_K": [
        0.14271151885830785,
        0.23213472917614927,
        0.2828947368421053,
        0.32095988001499814,
        0.3356305995864921,
        0.34555307618744024,
        0.3475682087781732,
        0.3504297199889104,
        0.351379489849037,
        0.34633308805494234,
        0.3418367346938776,
        0.3334066417418078,
        0.328732747804266,
        0.32130755431532787,
        0.3137852246763138,
        0.30800072899580827,
        0.30094372596994057,
        0.2947792513009905,
        0.28811369509043927,
        0.28193558425392873
    ]
}