{
    "precision_vs_K": [
        0.5914893617021276,
        0.548936170212766,
        0.5148936170212766,
        0.4808510638297872,
        0.44170212765957445,
        0.41702127659574467,
        0.3890577507598784,
        0.3675531914893617,
        0.3446808510638298,
        0.3280851063829787,
        0.31102514506769824,
        0.29397163120567377,
        0.2785597381342062,
        0.2650455927051672,
        0.25361702127659574,
        0.24308510638297873,
        0.2330413016270338,
        0.22482269503546098,
        0.21634938409854423,
        0.20872340425531916
    ],
    "recall_vs_K": [
        0.08048639258830341,
        0.14939200926462073,
        0.21019108280254778,
        0.2617255356108859,
        0.3005211349160394,
        0.3404748118123914,
        0.3705848291835553,
        0.40011580775911987,
        0.42211928199189347,
        0.44643891140706427,
        0.46554719166184133,
        0.48002316155182395,
        0.49276201505500866,
        0.5049218297625941,
        0.5176606832657789,
        0.5292414591777649,
        0.5390851187029531,
        0.5506658946149392,
        0.5593514765489288,
        0.5680370584829183
    ],
    "f1_vs_K": [
        0.1416921508664628,
        0.23486572598998634,
        0.2985197368421053,
        0.33895763029621295,
        0.35768435561681605,
        0.3748804590372968,
        0.3795966785290629,
        0.38314388688660944,
        0.3794898490369599,
        0.3782192788815305,
        0.37291280148423,
        0.3646360237519244,
        0.3559180259305729,
        0.34761809846521835,
        0.3404417364813404,
        0.33315108438126484,
        0.32541069556099267,
        0.31928823233171055,
        0.31201550387596905,
        0.3052746226855454
    ]
}