{
    "recall_vs_K": [
        0.0451650260567458,
        0.07295888824551244,
        0.09612044006948466,
        0.11349160393746381,
        0.12796757382744645,
        0.13896931094383325,
        0.15402431962941518,
        0.16618413433700058,
        0.17429067747539084,
        0.1812391430225825,
        0.18818760856977418,
        0.19745222929936307,
        0.2032426172553561,
        0.20845396641574984,
        0.2154024319629415,
        0.22003474232773595,
        0.2246670526925304,
        0.23103647944412276,
        0.23798494499131442,
        0.24088013896931093
    ],
    "precision_vs_K": [
        0.33191489361702126,
        0.2680851063829787,
        0.23546099290780143,
        0.20851063829787234,
        0.18808510638297873,
        0.1702127659574468,
        0.16170212765957448,
        0.15265957446808512,
        0.14231678486997637,
        0.13319148936170214,
        0.12572533849129594,
        0.12092198581560283,
        0.1148936170212766,
        0.1094224924012158,
        0.10553191489361702,
        0.10106382978723404,
        0.09712140175219024,
        0.09432624113475177,
        0.09204927211646137,
        0.08851063829787234
    ],
    "f1_vs_K": [
        0.07951070336391436,
        0.11470186618115612,
        0.13651315789473684,
        0.14698162729658795,
        0.15230875258442453,
        0.15301243226012112,
        0.15776986951364178,
        0.15913501524812865,
        0.1566892243623113,
        0.15354427274957078,
        0.15074211502782933,
        0.14998900373872884,
        0.1468005018820577,
        0.14351205899940206,
        0.14166031987814165,
        0.13850920357207944,
        0.13561691716183152,
        0.13396004700352526,
        0.1327519379844961,
        0.12945386650070018
    ]
}