{
    "precision_vs_K": [
        0.6340425531914894,
        0.5829787234042553,
        0.5333333333333333,
        0.5,
        0.46127659574468083,
        0.43049645390070923,
        0.3993920972644377,
        0.37127659574468086,
        0.34609929078014184,
        0.3272340425531915,
        0.30947775628626695,
        0.2946808510638298,
        0.28216039279869065,
        0.2693009118541033,
        0.25758865248226953,
        0.24574468085106382,
        0.2357947434292866,
        0.22482269503546098,
        0.21612541993281076,
        0.2074468085106383
    ],
    "recall_vs_K": [
        0.08627678054429647,
        0.15865662999420962,
        0.21771858714533873,
        0.2721482339316734,
        0.3138390272148234,
        0.3514765489287782,
        0.38042848870874346,
        0.404169079328315,
        0.4238563983786914,
        0.44528083381586564,
        0.46323103647944414,
        0.4811812391430226,
        0.499131441806601,
        0.5130283729009844,
        0.5257672264041691,
        0.535031847133758,
        0.5454545454545454,
        0.5506658946149392,
        0.5587724377533295,
        0.5645628257093225
    ],
    "f1_vs_K": [
        0.15188583078491336,
        0.24943104233045063,
        0.30921052631578944,
        0.35245594300712413,
        0.37353549276361125,
        0.38699394325788966,
        0.38967971530249107,
        0.3870252287219295,
        0.3810515356585112,
        0.37723816531763554,
        0.37105751391465686,
        0.36551572465361776,
        0.36051861145964026,
        0.3531991229818616,
        0.3457730388423458,
        0.3367960634226353,
        0.329255505068158,
        0.31928823233171055,
        0.31169250645994834,
        0.30340749961101604
    ]
}