{
    "precision_vs_K": [
        0.6340425531914894,
        0.5659574468085107,
        0.5219858156028369,
        0.46702127659574466,
        0.4306382978723404,
        0.40283687943262414,
        0.37933130699088147,
        0.35425531914893615,
        0.33617021276595743,
        0.31957446808510637,
        0.3009671179883946,
        0.2886524822695035,
        0.27364975450081835,
        0.260790273556231,
        0.24964539007092199,
        0.23882978723404255,
        0.2295369211514393,
        0.22127659574468084,
        0.2127659574468085,
        0.2051063829787234
    ],
    "recall_vs_K": [
        0.08627678054429647,
        0.15402431962941518,
        0.2130862767805443,
        0.254198031268095,
        0.2929936305732484,
        0.32889403590040533,
        0.3613202084539664,
        0.38563983786913725,
        0.41169658367110595,
        0.4348581354950782,
        0.4504921829762594,
        0.4713375796178344,
        0.4840764331210191,
        0.4968152866242038,
        0.5095541401273885,
        0.519976838448176,
        0.5309785755645628,
        0.5419803126809496,
        0.5500868558193399,
        0.5581933989577301
    ],
    "f1_vs_K": [
        0.15188583078491336,
        0.24214838416021847,
        0.3026315789473684,
        0.3292088488938883,
        0.3487250172294969,
        0.36212942301562,
        0.3701067615658363,
        0.36928195176046574,
        0.37011972930765225,
        0.36840814324258037,
        0.3608534322820037,
        0.3580382669892237,
        0.34964450020911747,
        0.3420370739485749,
        0.3351104341203351,
        0.32731911791507196,
        0.32051730164278225,
        0.3142521403390968,
        0.30684754521963825,
        0.2999844406410456
    ]
}