{
    "precision_vs_K": [
        0.5829787234042553,
        0.5148936170212766,
        0.4851063829787234,
        0.44893617021276594,
        0.4229787234042553,
        0.39574468085106385,
        0.3689969604863222,
        0.35,
        0.333806146572104,
        0.31872340425531914,
        0.30251450676982594,
        0.2875886524822695,
        0.27266775777414076,
        0.2580547112462006,
        0.24624113475177306,
        0.2351063829787234,
        0.22453066332916144,
        0.216548463356974,
        0.20940649496080627,
        0.20212765957446807
    ],
    "recall_vs_K": [
        0.07932831499710481,
        0.14012738853503184,
        0.19803126809496235,
        0.24435437174290678,
        0.28778228141285467,
        0.32310364794441226,
        0.3514765489287782,
        0.3810075275043428,
        0.4088013896931094,
        0.43370005790387955,
        0.4528083381586566,
        0.4696004632310365,
        0.4823393167342212,
        0.4916039374638101,
        0.5026056745801969,
        0.5118702953097858,
        0.5193977996525767,
        0.5303995367689636,
        0.5414012738853503,
        0.5500868558193399
    ],
    "f1_vs_K": [
        0.1396534148827727,
        0.22030040964952208,
        0.28124999999999994,
        0.3164604424446944,
        0.34252239834596826,
        0.3557539050047816,
        0.360023724792408,
        0.3648461325200998,
        0.36751691827173344,
        0.3674270296786853,
        0.36270871985157704,
        0.35671871563668356,
        0.3483897950648265,
        0.3384492724735898,
        0.33054074638233055,
        0.32221614725715325,
        0.3135267389024816,
        0.3075373510156119,
        0.30200258397932817,
        0.29562782013381045
    ]
}