{
    "recall_vs_K": [
        0.06948465547191662,
        0.123335263462652,
        0.16270990156340476,
        0.1905037637521714,
        0.21713954834973942,
        0.23914302258251302,
        0.25477707006369427,
        0.2686740011580776,
        0.2802547770700637,
        0.2912565141864505,
        0.3005211349160394,
        0.3057324840764331,
        0.3109438332368269,
        0.3167342211928199,
        0.32078749276201507,
        0.3248407643312102,
        0.328314997104806,
        0.33121019108280253,
        0.3375796178343949,
        0.3404748118123914
    ],
    "precision_vs_K": [
        0.5106382978723404,
        0.4531914893617021,
        0.39858156028368796,
        0.35,
        0.3191489361702128,
        0.2929078014184397,
        0.2674772036474164,
        0.24680851063829787,
        0.22884160756501182,
        0.21404255319148935,
        0.20077369439071566,
        0.18723404255319148,
        0.1757774140752864,
        0.1662613981762918,
        0.15716312056737589,
        0.14920212765957447,
        0.14192740926157696,
        0.13522458628841608,
        0.1305711086226204,
        0.1251063829787234
    ],
    "f1_vs_K": [
        0.12232415902140673,
        0.1939007737824306,
        0.2310855263157895,
        0.2467191601049869,
        0.2584424534803583,
        0.2633088938476251,
        0.2609727164887307,
        0.2572775159412254,
        0.25195210827693904,
        0.24675006131959773,
        0.24072356215213356,
        0.23224103804706397,
        0.22459222082810537,
        0.21805860075742473,
        0.210967250571211,
        0.20448332422088575,
        0.19818245368752183,
        0.1920429746516703,
        0.1883074935400517,
        0.18297806130387428
    ]
}