{
    "recall_vs_K": [
        0.027882441597588545,
        0.04973624717407687,
        0.0640542577241899,
        0.07686510926902788,
        0.08873398643556896,
        0.09909570459683496,
        0.10795026375282592,
        0.11586284853051997,
        0.1230218538055765,
        0.13093443858327053,
        0.13715146948003015,
        0.1439336850037679,
        0.14996232102486812,
        0.15467219291635267,
        0.15938206480783723,
        0.16428033157498115,
        0.1680482290881688,
        0.1712509419743783,
        0.17539562923888471,
        0.1776563677467973
    ],
    "precision_vs_K": [
        0.17896009673518742,
        0.1596130592503023,
        0.1370415155179363,
        0.12333736396614269,
        0.11390568319226119,
        0.10600564288593309,
        0.09898082570392124,
        0.09295646916565901,
        0.08773344081687491,
        0.08403869407496976,
        0.08002638232384303,
        0.0769850866586054,
        0.0740396242210027,
        0.0709103472102263,
        0.06819830713422008,
        0.06590084643288996,
        0.06344690234013799,
        0.06106408706166868,
        0.0592503022974607,
        0.05701330108827086
    ],
    "f1_vs_K": [
        0.04824775876120619,
        0.07584027578282103,
        0.08730260623956862,
        0.0947075208913649,
        0.09975643333686328,
        0.10243427458617332,
        0.10327115436604486,
        0.10315330426031533,
        0.10242333934593364,
        0.10237148328177934,
        0.10107601527247484,
        0.10031512605042017,
        0.0991344417460614,
        0.09724031742271705,
        0.09552306215773726,
        0.09406688241639698,
        0.09211545412299271,
        0.09002674061602454,
        0.08857808857808858,
        0.0863236909556939
    ]
}