{
    "precision_vs_K": [
        0.6297872340425532,
        0.5638297872340425,
        0.5191489361702127,
        0.4829787234042553,
        0.45787234042553193,
        0.4269503546099291,
        0.4,
        0.376063829787234,
        0.35697399527186763,
        0.33617021276595743,
        0.3160541586073501,
        0.298936170212766,
        0.28477905073649756,
        0.2723404255319149,
        0.26156028368794326,
        0.251063829787234,
        0.2420525657071339,
        0.2326241134751773,
        0.2232922732362822,
        0.21617021276595744
    ],
    "recall_vs_K": [
        0.08569774174869717,
        0.15344528083381587,
        0.2119281991893457,
        0.26288361320208453,
        0.3115228720324262,
        0.3485813549507817,
        0.3810075275043428,
        0.40938042848870876,
        0.4371742906774754,
        0.45744064852345107,
        0.4730746960046323,
        0.4881297046902142,
        0.5037637521713955,
        0.5188187608569774,
        0.5338737695425594,
        0.5466126230457441,
        0.5599305153445281,
        0.5697741748697163,
        0.5773016792125072,
        0.588303416328894
    ],
    "f1_vs_K": [
        0.1508664627930683,
        0.2412380518889395,
        0.30098684210526316,
        0.3404574428196475,
        0.37077877325982084,
        0.3838061842524705,
        0.3902728351126928,
        0.3920155253673413,
        0.39302446642373773,
        0.3875398577385332,
        0.37894248608534326,
        0.3707939300637783,
        0.36386449184441655,
        0.35718556906517845,
        0.3511043412033511,
        0.3440860215053763,
        0.3379937084935338,
        0.3303676347154608,
        0.32202842377260976,
        0.3161661739536331
    ]
}