{
  "config": {
    "model_type": "biencoder",
    "model": "sentence-transformers/all-MiniLM-L6-v2",
    "skip_tfidf": false,
    "agg": "max_chunk",
    "tfidf_scheme": "augmented",
    "tfidf_ngram": 4,
    "tfidf_top_n": 200,
    "tfidf_min_df": 2,
    "tfidf_max_df": 0.95,
    "alpha": 0.85,
    "chunk_tokens": 256,
    "chunk_stride": 128,
    "encode_batch": 128,
    "batch_size": 32,
    "max_length": 512,
    "citation_beta": 0.0,
    "label": "A_aug_n7_a085",
    "group": "A"
  },
  "metrics": {
    "model": "",
    "MAP": 0.5785343552125963,
    "MRR": 0.7896495120982727,
    "R-Precision": 0.5355568335019244,
    "n_queries": 234,
    "P@5": 0.5102564102564101,
    "R@5": 0.5064522886551961,
    "F1@5": 0.4214317499928549,
    "NDCG@5": 0.6765492848276916,
    "MAP@5": 0.5970144824311489,
    "MicroF1@5": 0.4114403859407305,
    "P@6": 0.47364672364672356,
    "R@6": 0.5415485663874458,
    "F1@6": 0.4207136258517142,
    "NDCG@6": 0.6721668769134979,
    "MAP@6": 0.5841583570750237,
    "MicroF1@6": 0.4239719477207523,
    "P@7": 0.4444444444444446,
    "R@7": 0.5696895309143825,
    "F1@7": 0.41760516623116034,
    "NDCG@7": 0.6705304842834301,
    "MAP@7": 0.577204464406845,
    "MicroF1@7": 0.43179122182680896,
    "P@8": 0.4150641025641026,
    "R@8": 0.5916796651497864,
    "F1@8": 0.40850923827734625,
    "NDCG@8": 0.6665702400203155,
    "MAP@8": 0.5679244917340156,
    "MicroF1@8": 0.43082894372054337,
    "P@9": 0.39126305792972466,
    "R@9": 0.616131538925202,
    "F1@9": 0.4019483353777346,
    "NDCG@9": 0.6651658828444432,
    "MAP@9": 0.5613649782879276,
    "MicroF1@9": 0.428943258719417,
    "P@10": 0.3675213675213678,
    "R@10": 0.6388674802323712,
    "F1@10": 0.39291202274979836,
    "NDCG@10": 0.6652596113848409,
    "MAP@10": 0.5550589026762967,
    "MicroF1@10": 0.42187883247485897,
    "P@11": 0.34926184926184956,
    "R@11": 0.6550537540689849,
    "F1@11": 0.3855376280986646,
    "NDCG@11": 0.6669716738910678,
    "MAP@11": 0.5539716832178655,
    "MicroF1@11": 0.41697588126159557,
    "P@15": 0.28717948717948744,
    "R@15": 0.7000443521135349,
    "F1@15": 0.34970816226809587,
    "NDCG@15": 0.6745893550682805,
    "MAP@15": 0.5544008364605029,
    "MicroF1@15": 0.38385376999238385,
    "P@20": 0.23525641025641034,
    "R@20": 0.7343160545595413,
    "F1@20": 0.3098832369412793,
    "NDCG@20": 0.6843939466899879,
    "MAP@20": 0.5595481436639576,
    "MicroF1@20": 0.3426170841761319,
    "_micro_f1": 0.4326894502228826,
    "_micro_k": 7,
    "_micro_f1_curve": [
      0.16930137684854665,
      0.2715261958997722,
      0.3417044051049815,
      0.3815245963199399,
      0.412150500517777,
      0.42478441392526345,
      0.4326894502228826,
      0.4317866073909419,
      0.429950430472215,
      0.42291615441357266,
      0.4180423157405254,
      0.41058434399117966,
      0.4026001258125393,
      0.3921647011792924,
      0.38495321749092987,
      0.3768963626393712,
      0.3695004382120946,
      0.3613402929786159,
      0.35315081807873,
      0.34368659278913694
    ],
    "_elapsed": 264.0527927875519
  }
}