{
  "config": {
    "model_type": "biencoder",
    "model": "sentence-transformers/all-MiniLM-L6-v2",
    "skip_tfidf": false,
    "agg": "max_chunk",
    "tfidf_scheme": "augmented",
    "tfidf_ngram": 4,
    "tfidf_top_n": 200,
    "tfidf_min_df": 2,
    "tfidf_max_df": 0.95,
    "alpha": 0.7,
    "chunk_tokens": 256,
    "chunk_stride": 128,
    "encode_batch": 128,
    "batch_size": 32,
    "max_length": 512,
    "citation_beta": 0.0,
    "label": "A_aug_n7_a070",
    "group": "A"
  },
  "metrics": {
    "model": "",
    "MAP": 0.5392286121989529,
    "MRR": 0.7581217456510144,
    "R-Precision": 0.49173054858064036,
    "n_queries": 234,
    "P@5": 0.4837606837606839,
    "R@5": 0.47148884523587037,
    "F1@5": 0.39600005568861163,
    "NDCG@5": 0.6343962904527525,
    "MAP@5": 0.5537594966761633,
    "MicroF1@5": 0.3900758097863542,
    "P@6": 0.45726495726495736,
    "R@6": 0.5179649495291061,
    "F1@6": 0.4025724905561937,
    "NDCG@6": 0.6377897217869832,
    "MAP@6": 0.5467129629629631,
    "MicroF1@6": 0.40930825629582407,
    "P@7": 0.4291819291819293,
    "R@7": 0.5510340512200644,
    "F1@7": 0.4026821420569947,
    "NDCG@7": 0.6371644175357277,
    "MAP@7": 0.5395291635172588,
    "MicroF1@7": 0.41696322657176754,
    "P@8": 0.4017094017094017,
    "R@8": 0.573260236122553,
    "F1@8": 0.3956818656099828,
    "NDCG@8": 0.6337744765865108,
    "MAP@8": 0.5291876283989381,
    "MicroF1@8": 0.41696700859439983,
    "P@9": 0.37132003798670477,
    "R@9": 0.589289127439074,
    "F1@9": 0.38250390203527806,
    "NDCG@9": 0.6270408004582332,
    "MAP@9": 0.5168865357159007,
    "MicroF1@9": 0.40707964601769914,
    "P@10": 0.34957264957264983,
    "R@10": 0.6022920402397625,
    "F1@10": 0.37277485016409023,
    "NDCG@10": 0.6251003780786301,
    "MAP@10": 0.5123522120149107,
    "MicroF1@10": 0.40127544763306355,
    "P@11": 0.3329448329448331,
    "R@11": 0.6230532626059365,
    "F1@11": 0.3671590072745005,
    "NDCG@11": 0.6285885568902315,
    "MAP@11": 0.5121607592477002,
    "MicroF1@11": 0.3974953617810761,
    "P@15": 0.2732193732193735,
    "R@15": 0.6745567406513142,
    "F1@15": 0.33307852185648934,
    "NDCG@15": 0.6372490714177224,
    "MAP@15": 0.5109951758395568,
    "MicroF1@15": 0.36519421172886524,
    "P@20": 0.22606837606837615,
    "R@20": 0.7123073768997646,
    "F1@20": 0.29803276707916276,
    "NDCG@20": 0.6490463900149993,
    "MAP@20": 0.5171862193709252,
    "MicroF1@20": 0.3292360354753384,
    "_micro_f1": 0.4178938594053904,
    "_micro_k": 8,
    "_micro_f1_curve": [
      0.1611422743498215,
      0.25603644646924834,
      0.3219431864965006,
      0.36049568156214795,
      0.39074905074214705,
      0.4100926221654423,
      0.41783060921248144,
      0.4178938594053904,
      0.40803548134620404,
      0.4022621096631424,
      0.39851197395954435,
      0.3911797133406835,
      0.38247011952191234,
      0.37137717369578255,
      0.3662402138628987,
      0.36044598793639193,
      0.35547765118317265,
      0.3458494696076781,
      0.3388951887250931,
      0.3302637739971906
    ],
    "_elapsed": 264.25137209892273
  }
}