{
  "config": {
    "model_type": "biencoder",
    "model": "sentence-transformers/all-MiniLM-L6-v2",
    "skip_tfidf": false,
    "agg": "max_chunk",
    "tfidf_scheme": "augmented",
    "tfidf_ngram": 4,
    "tfidf_top_n": 200,
    "tfidf_min_df": 2,
    "tfidf_max_df": 0.95,
    "alpha": 0.5,
    "chunk_tokens": 256,
    "chunk_stride": 128,
    "encode_batch": 128,
    "batch_size": 32,
    "max_length": 512,
    "citation_beta": 0.0,
    "label": "A_aug_n7_a050",
    "group": "A"
  },
  "metrics": {
    "model": "",
    "MAP": 0.4994625739221618,
    "MRR": 0.7251348098384506,
    "R-Precision": 0.4531421949338403,
    "n_queries": 234,
    "P@5": 0.45384615384615384,
    "R@5": 0.43683173097107686,
    "F1@5": 0.3671331376387532,
    "NDCG@5": 0.5922938804440168,
    "MAP@5": 0.5093340455840453,
    "MicroF1@5": 0.3659545141281874,
    "P@6": 0.4223646723646724,
    "R@6": 0.4733430219417245,
    "F1@6": 0.36896050876554654,
    "NDCG@6": 0.5897096038808247,
    "MAP@6": 0.4978858024691359,
    "MicroF1@6": 0.37806821804271595,
    "P@7": 0.39316239316239315,
    "R@7": 0.49726963150942144,
    "F1@7": 0.36440025092657485,
    "NDCG@7": 0.5857544162867316,
    "MAP@7": 0.4858238124309551,
    "MicroF1@7": 0.38196915776986956,
    "P@8": 0.3717948717948718,
    "R@8": 0.5248906580542403,
    "F1@8": 0.3640107993396744,
    "NDCG@8": 0.5852581757225892,
    "MAP@8": 0.4784072293447295,
    "MicroF1@8": 0.3859162739118381,
    "P@9": 0.35375118708452075,
    "R@9": 0.5488549847971119,
    "F1@9": 0.36192884844399414,
    "NDCG@9": 0.5856044253796855,
    "MAP@9": 0.4729561325163179,
    "MicroF1@9": 0.38781884435190006,
    "P@10": 0.3337606837606839,
    "R@10": 0.565072861646098,
    "F1@10": 0.35417202587208674,
    "NDCG@10": 0.5851392988960258,
    "MAP@10": 0.46875652896486253,
    "MicroF1@10": 0.38312484670100566,
    "P@11": 0.31662781662781675,
    "R@11": 0.5882061020241601,
    "F1@11": 0.3486034122166436,
    "NDCG@11": 0.5884542866686641,
    "MAP@11": 0.46726029932469343,
    "MicroF1@11": 0.3780148423005566,
    "P@15": 0.2623931623931627,
    "R@15": 0.641184096951191,
    "F1@15": 0.3192529072771576,
    "NDCG@15": 0.5992650756762151,
    "MAP@15": 0.4685134053161967,
    "MicroF1@15": 0.35072353389185074,
    "P@20": 0.21837606837606843,
    "R@20": 0.693128165542736,
    "F1@20": 0.28848180299739784,
    "NDCG@20": 0.6146976327408539,
    "MAP@20": 0.47524044447448893,
    "MicroF1@20": 0.3180332970281624,
    "_micro_f1": 0.3887294547351944,
    "_micro_k": 9,
    "_micro_f1_curve": [
      0.15094339622641512,
      0.23963553530751708,
      0.3087690407575133,
      0.3387157341344349,
      0.3665861235761132,
      0.3787927179814756,
      0.38276374442793465,
      0.38677410391775496,
      0.3887294547351944,
      0.38406687976395376,
      0.3789816321785632,
      0.3691289966923925,
      0.3648563640176138,
      0.3585848490905457,
      0.3517280886003437,
      0.34582343264485466,
      0.33654688869412797,
      0.3303586462367402,
      0.32431556779523735,
      0.3190260652411425
    ],
    "_elapsed": 263.4767470359802
  }
}