{
  "config": {
    "model_type": "biencoder",
    "model": "sentence-transformers/all-MiniLM-L6-v2",
    "skip_tfidf": false,
    "agg": "max_chunk",
    "tfidf_scheme": "augmented",
    "tfidf_ngram": 4,
    "tfidf_top_n": 200,
    "tfidf_min_df": 2,
    "tfidf_max_df": 0.95,
    "alpha": 0.95,
    "chunk_tokens": 256,
    "chunk_stride": 128,
    "encode_batch": 128,
    "batch_size": 32,
    "max_length": 512,
    "citation_beta": 0.0,
    "label": "A_aug_n7_a095",
    "group": "A"
  },
  "metrics": {
    "model": "",
    "MAP": 0.5948221935879255,
    "MRR": 0.7948590280066636,
    "R-Precision": 0.5502730267093668,
    "n_queries": 234,
    "P@5": 0.5222222222222223,
    "R@5": 0.5160196125443823,
    "F1@5": 0.4314040900934,
    "NDCG@5": 0.6890923039131679,
    "MAP@5": 0.6102267331433996,
    "MicroF1@5": 0.4210889042039973,
    "P@6": 0.4900284900284899,
    "R@6": 0.5640881113628884,
    "F1@6": 0.4373786976499525,
    "NDCG@6": 0.6904958993815341,
    "MAP@6": 0.6023088793922129,
    "MicroF1@6": 0.43863563914568054,
    "P@7": 0.45543345543345554,
    "R@7": 0.5907323808242895,
    "F1@7": 0.4303173854055634,
    "NDCG@7": 0.6865412250982067,
    "MAP@7": 0.5914591691377408,
    "MicroF1@7": 0.4424673784104389,
    "P@8": 0.42948717948717946,
    "R@8": 0.6159259532371675,
    "F1@8": 0.4254573015043505,
    "NDCG@8": 0.6850764297552826,
    "MAP@8": 0.5850964263910692,
    "MicroF1@8": 0.4457998336567785,
    "P@9": 0.4064577397910732,
    "R@9": 0.6404430951277835,
    "F1@9": 0.41963084445803805,
    "NDCG@9": 0.684562314725006,
    "MAP@9": 0.5801749482635725,
    "MicroF1@9": 0.44560124934929723,
    "P@10": 0.38418803418803416,
    "R@10": 0.6552015686792949,
    "F1@10": 0.4101044090608156,
    "NDCG@10": 0.6836195565047759,
    "MAP@10": 0.5761246912503527,
    "MicroF1@10": 0.4410105469708119,
    "P@11": 0.3640248640248642,
    "R@11": 0.6711293825261626,
    "F1@11": 0.40126697071867484,
    "NDCG@11": 0.6847745078473609,
    "MAP@11": 0.5745465065282286,
    "MicroF1@11": 0.4346011131725417,
    "P@15": 0.2962962962962966,
    "R@15": 0.7129588629339951,
    "F1@15": 0.3604331482908089,
    "NDCG@15": 0.6899484625954524,
    "MAP@15": 0.5728854198950679,
    "MicroF1@15": 0.396039603960396,
    "P@20": 0.24145299145299146,
    "R@20": 0.7394384235015047,
    "F1@20": 0.3171972514183803,
    "NDCG@20": 0.6970910784588384,
    "MAP@20": 0.5769597063889198,
    "MicroF1@20": 0.3516415123696904,
    "_micro_f1": 0.4467907752153376,
    "_micro_k": 8,
    "_micro_f1_curve": [
      0.16828148903620602,
      0.2806378132118451,
      0.3548785508439687,
      0.3942921517085993,
      0.42181567138419057,
      0.4394762056850846,
      0.44338781575037145,
      0.4467907752153376,
      0.44664753456822337,
      0.442094910253258,
      0.435712624970937,
      0.4255788313120177,
      0.4181170056615643,
      0.40895462722366577,
      0.397173954554134,
      0.3882288429903125,
      0.37861524978089395,
      0.36942246169388787,
      0.3615745990604244,
      0.3527391915092867
    ],
    "_elapsed": 263.8373408317566
  }
}