{
  "config": {
    "model_type": "biencoder",
    "model": "sentence-transformers/all-MiniLM-L6-v2",
    "skip_tfidf": false,
    "agg": "max_chunk",
    "tfidf_scheme": "augmented",
    "tfidf_ngram": 4,
    "tfidf_top_n": 200,
    "tfidf_min_df": 2,
    "tfidf_max_df": 0.95,
    "alpha": 0.8,
    "chunk_tokens": 512,
    "chunk_stride": 256,
    "encode_batch": 128,
    "batch_size": 32,
    "max_length": 512,
    "citation_beta": 0.0,
    "label": "C_chunk512_str256",
    "group": "C"
  },
  "metrics": {
    "model": "",
    "MAP": 0.5551948678060761,
    "MRR": 0.7721733211781012,
    "R-Precision": 0.5085357333007468,
    "n_queries": 234,
    "P@5": 0.5034188034188035,
    "R@5": 0.4931910759944542,
    "F1@5": 0.41225544770721156,
    "NDCG@5": 0.6612133662107054,
    "MAP@5": 0.5793696581196579,
    "MicroF1@5": 0.40592694693314957,
    "P@6": 0.4658119658119658,
    "R@6": 0.5291028784204337,
    "F1@6": 0.41118934167687066,
    "NDCG@6": 0.656037818315581,
    "MAP@6": 0.5662903608736942,
    "MicroF1@6": 0.41695887790883013,
    "P@7": 0.4371184371184375,
    "R@7": 0.5599543774048832,
    "F1@7": 0.40934447312060207,
    "NDCG@7": 0.6548692334849681,
    "MAP@7": 0.5587388074888073,
    "MicroF1@7": 0.4246737841043891,
    "P@8": 0.4075854700854701,
    "R@8": 0.5792300679643048,
    "F1@8": 0.4006726271450845,
    "NDCG@8": 0.6495760250762667,
    "MAP@8": 0.5476585848014418,
    "MicroF1@8": 0.42306626004990294,
    "P@9": 0.3808167141500478,
    "R@9": 0.5953925029334747,
    "F1@9": 0.39092716461307336,
    "NDCG@9": 0.6442889809817365,
    "MAP@9": 0.5378283708624315,
    "MicroF1@9": 0.41749089016137425,
    "P@10": 0.35811965811965824,
    "R@10": 0.6101343442568155,
    "F1@10": 0.38123550377668636,
    "NDCG@10": 0.6423508870768116,
    "MAP@10": 0.5325441300689314,
    "MicroF1@10": 0.41108658327201375,
    "P@11": 0.3372183372183375,
    "R@11": 0.6215402726079555,
    "F1@11": 0.370648784692693,
    "NDCG@11": 0.6414031182643382,
    "MAP@11": 0.5288984281277752,
    "MicroF1@11": 0.4025974025974026,
    "P@15": 0.2803418803418807,
    "R@15": 0.6711420076277319,
    "F1@15": 0.33963634852353836,
    "NDCG@15": 0.651495699829326,
    "MAP@15": 0.5309353286150821,
    "MicroF1@15": 0.3747143945163747,
    "P@20": 0.2290598290598291,
    "R@20": 0.7087356681065644,
    "F1@20": 0.30125967659206326,
    "NDCG@20": 0.6613675411718737,
    "MAP@20": 0.5349644521808988,
    "MicroF1@20": 0.3335926559825735,
    "_micro_f1": 0.42555720653789003,
    "_micro_k": 7,
    "_micro_f1_curve": [
      0.16318204997450284,
      0.26970387243735766,
      0.3392342527789214,
      0.3815245963199399,
      0.4066275457369693,
      0.41775790482274033,
      0.42555720653789003,
      0.42400666851903307,
      0.41847117140620915,
      0.4120973690681092,
      0.40362706347361077,
      0.39647188533627337,
      0.3908576221430069,
      0.38376973815710574,
      0.3757876646935268,
      0.3670261378175837,
      0.357931638913234,
      0.35090082505472303,
      0.3427830876397213,
      0.3346339940689871
    ],
    "_elapsed": 169.8556411266327
  }
}