{
  "config": {
    "model_type": "biencoder",
    "model": "sentence-transformers/all-MiniLM-L6-v2",
    "skip_tfidf": false,
    "agg": "max_chunk",
    "tfidf_scheme": "augmented",
    "tfidf_ngram": 4,
    "tfidf_top_n": 200,
    "tfidf_min_df": 2,
    "tfidf_max_df": 0.95,
    "alpha": 0.8,
    "chunk_tokens": 512,
    "chunk_stride": 128,
    "encode_batch": 128,
    "batch_size": 32,
    "max_length": 512,
    "citation_beta": 0.0,
    "label": "C_chunk512_str128",
    "group": "C"
  },
  "metrics": {
    "model": "",
    "MAP": 0.5581418012194579,
    "MRR": 0.7654687802997275,
    "R-Precision": 0.5139561448722503,
    "n_queries": 234,
    "P@5": 0.5025641025641026,
    "R@5": 0.4917184749017746,
    "F1@5": 0.41323143541999136,
    "NDCG@5": 0.6572687258881919,
    "MAP@5": 0.577375356125356,
    "MicroF1@5": 0.4052377670572019,
    "P@6": 0.467948717948718,
    "R@6": 0.5291877345903395,
    "F1@6": 0.41375283237268806,
    "NDCG@6": 0.654642818953458,
    "MAP@6": 0.5662523741690408,
    "MicroF1@6": 0.41887153331208166,
    "P@7": 0.43589743589743607,
    "R@7": 0.5558351143544611,
    "F1@7": 0.40886880588813723,
    "NDCG@7": 0.6511304416502863,
    "MAP@7": 0.5572889169912979,
    "MicroF1@7": 0.42348754448398573,
    "P@8": 0.4091880341880342,
    "R@8": 0.5755237217691067,
    "F1@8": 0.4015316584650335,
    "NDCG@8": 0.6475548667297973,
    "MAP@8": 0.5487625310095545,
    "MicroF1@8": 0.4247296922650402,
    "P@9": 0.3846153846153848,
    "R@9": 0.6017345078117695,
    "F1@9": 0.394911339872453,
    "NDCG@9": 0.6462106436282835,
    "MAP@9": 0.5403000551280971,
    "MicroF1@9": 0.4216553878188444,
    "P@10": 0.3594017094017096,
    "R@10": 0.6174770863563452,
    "F1@10": 0.38364999236488134,
    "NDCG@10": 0.6437217652342997,
    "MAP@10": 0.5336125485331835,
    "MicroF1@10": 0.41255825361785625,
    "P@11": 0.34304584304584324,
    "R@11": 0.6421861456413704,
    "F1@11": 0.3785694028142015,
    "NDCG@11": 0.6480471303705329,
    "MAP@11": 0.533386893156013,
    "MicroF1@11": 0.4095547309833025,
    "P@15": 0.27920227920227947,
    "R@15": 0.6808794687290303,
    "F1@15": 0.33978539962993815,
    "NDCG@15": 0.6525790381519422,
    "MAP@15": 0.5311968500265299,
    "MicroF1@15": 0.3731911652703732,
    "P@20": 0.23226495726495733,
    "R@20": 0.7229024997337351,
    "F1@20": 0.3058746781139518,
    "NDCG@20": 0.6661195983725584,
    "MAP@20": 0.5389845256471362,
    "MicroF1@20": 0.33826046366889684,
    "_micro_f1": 0.42567379827729923,
    "_micro_k": 8,
    "_micro_f1_curve": [
      0.1611422743498215,
      0.26514806378132116,
      0.33511733223548784,
      0.3740142696207285,
      0.40593717638936827,
      0.41967422548706484,
      0.424368499257058,
      0.42567379827729923,
      0.4226454474302114,
      0.4135726579788542,
      0.4106021855382469,
      0.3995589856670342,
      0.3921157475361711,
      0.38137117729362385,
      0.37426007256062627,
      0.3677572655821605,
      0.3614373356704645,
      0.35460515238255597,
      0.3473189697067876,
      0.33931637271734044
    ],
    "_elapsed": 294.021201133728
  }
}