{
  "config": {
    "model_type": "biencoder",
    "model": "sentence-transformers/all-MiniLM-L6-v2",
    "skip_tfidf": false,
    "agg": "max_chunk",
    "tfidf_scheme": "augmented",
    "tfidf_ngram": 4,
    "tfidf_top_n": 200,
    "tfidf_min_df": 2,
    "tfidf_max_df": 0.95,
    "alpha": 0.8,
    "chunk_tokens": 128,
    "chunk_stride": 64,
    "encode_batch": 128,
    "batch_size": 32,
    "max_length": 512,
    "citation_beta": 0.0,
    "label": "C_chunk128_str64",
    "group": "C"
  },
  "metrics": {
    "model": "",
    "MAP": 0.5379028241363536,
    "MRR": 0.7561092056429076,
    "R-Precision": 0.4956284727722507,
    "n_queries": 234,
    "P@5": 0.4786324786324787,
    "R@5": 0.47489374280743457,
    "F1@5": 0.39435317455455104,
    "NDCG@5": 0.6349036663081854,
    "MAP@5": 0.5532537986704652,
    "MicroF1@5": 0.3859407305306686,
    "P@6": 0.448005698005698,
    "R@6": 0.5101353067238092,
    "F1@6": 0.39553722845314637,
    "NDCG@6": 0.6330203600603941,
    "MAP@6": 0.544310303893637,
    "MicroF1@6": 0.4010200828817341,
    "P@7": 0.420634920634921,
    "R@7": 0.5391299700211115,
    "F1@7": 0.39364527971705837,
    "NDCG@7": 0.6318877788646413,
    "MAP@7": 0.5380315958292148,
    "MicroF1@7": 0.4086595492289442,
    "P@8": 0.391025641025641,
    "R@8": 0.5590267983105199,
    "F1@8": 0.38489768527813417,
    "NDCG@8": 0.6266775708760435,
    "MAP@8": 0.526137099782933,
    "MicroF1@8": 0.40587746049348483,
    "P@9": 0.37084520417853784,
    "R@9": 0.5780923321356907,
    "F1@9": 0.37966808402918156,
    "NDCG@9": 0.6249786746735504,
    "MAP@9": 0.5203504160448604,
    "MicroF1@9": 0.40655908381051536,
    "P@10": 0.35042735042735035,
    "R@10": 0.5946636379872577,
    "F1@10": 0.37278426930502684,
    "NDCG@10": 0.6241809220458203,
    "MAP@10": 0.5160319909856949,
    "MicroF1@10": 0.4022565611969585,
    "P@11": 0.3310023310023311,
    "R@11": 0.6130686861997408,
    "F1@11": 0.3642354570396945,
    "NDCG@11": 0.6254983508901107,
    "MAP@11": 0.5131566312163953,
    "MicroF1@11": 0.3951762523191094,
    "P@15": 0.27179487179487205,
    "R@15": 0.6674122253097057,
    "F1@15": 0.3307708334155841,
    "NDCG@15": 0.6352759768901955,
    "MAP@15": 0.5126309071246967,
    "MicroF1@15": 0.36329017517136336,
    "P@20": 0.2228632478632479,
    "R@20": 0.705843537602911,
    "F1@20": 0.29396713802144325,
    "NDCG@20": 0.645846690718832,
    "MAP@20": 0.5171904039069253,
    "MicroF1@20": 0.32456822778901506,
    "_micro_f1": 0.4095096582466567,
    "_micro_k": 7,
    "_micro_f1_curve": [
      0.15910249872514023,
      0.25785876993166285,
      0.3285302593659943,
      0.36725497559143827,
      0.3866068346565413,
      0.4017885659533695,
      0.4095096582466567,
      0.40677966101694923,
      0.40751369684320377,
      0.403245635603639,
      0.39618693327133225,
      0.3898566703417861,
      0.37953449360452923,
      0.3733759744153508,
      0.3643307236967729,
      0.3567903491135076,
      0.3502191060473269,
      0.3414716282202391,
      0.3333873319293698,
      0.32558139534883723
    ],
    "_elapsed": 256.23537373542786
  }
}