{
  "config": {
    "model_type": "crossencoder",
    "model": "cross-encoder/ms-marco-MiniLM-L-6-v2",
    "skip_tfidf": false,
    "agg": "max_chunk",
    "tfidf_scheme": "augmented",
    "tfidf_ngram": 4,
    "tfidf_top_n": 100,
    "tfidf_min_df": 2,
    "tfidf_max_df": 0.95,
    "alpha": 0.55,
    "chunk_tokens": 256,
    "chunk_stride": 128,
    "encode_batch": 128,
    "batch_size": 32,
    "max_length": 512,
    "citation_beta": 0.1,
    "label": "CO_ce_b10",
    "group": "CO"
  },
  "metrics": {
    "model": "",
    "MAP": 0.2833787982697268,
    "MRR": 0.5343881159896612,
    "R-Precision": 0.2513703722040787,
    "n_queries": 234,
    "P@5": 0.24188034188034196,
    "R@5": 0.23646440998536203,
    "F1@5": 0.19321298387599517,
    "NDCG@5": 0.3364365618547471,
    "MAP@5": 0.24876543209876537,
    "MicroF1@5": 0.1950379048931771,
    "P@6": 0.22792022792022784,
    "R@6": 0.2623234820366242,
    "F1@6": 0.1977414930134686,
    "NDCG@6": 0.33650573996663086,
    "MAP@6": 0.24205840455840458,
    "MicroF1@6": 0.20401657634682818,
    "P@7": 0.21428571428571438,
    "R@7": 0.27764335687547254,
    "F1@7": 0.197592083744496,
    "NDCG@7": 0.3348844483861055,
    "MAP@7": 0.2359817431246004,
    "MicroF1@7": 0.20818505338078294,
    "P@8": 0.202991452991453,
    "R@8": 0.29455673139531713,
    "F1@8": 0.19807738984055517,
    "NDCG@8": 0.33448804047081104,
    "MAP@8": 0.23196615718937144,
    "MicroF1@8": 0.21070141391738287,
    "P@9": 0.1918328584995251,
    "R@9": 0.30712246614707417,
    "F1@9": 0.19604483647509702,
    "NDCG@9": 0.3333282671354114,
    "MAP@9": 0.226758130048474,
    "MicroF1@9": 0.21030713170223841,
    "P@10": 0.18589743589743607,
    "R@10": 0.32751699517782756,
    "F1@10": 0.19778338084434174,
    "NDCG@10": 0.33807950350420396,
    "MAP@10": 0.2268164479308659,
    "MicroF1@10": 0.21339220014716703,
    "P@11": 0.1794871794871797,
    "R@11": 0.3450803808919935,
    "F1@11": 0.19747831681231673,
    "NDCG@11": 0.34249660748750566,
    "MAP@11": 0.22692726864774723,
    "MicroF1@11": 0.2142857142857143,
    "P@15": 0.15669515669515663,
    "R@15": 0.4020196540349288,
    "F1@15": 0.1918834488396728,
    "NDCG@15": 0.35926612252495715,
    "MAP@15": 0.23161962074336923,
    "MicroF1@15": 0.20944402132520942,
    "P@20": 0.13739316239316257,
    "R@20": 0.4590754645649292,
    "F1@20": 0.18134082274996072,
    "NDCG@20": 0.37728686166449593,
    "MAP@20": 0.23794423121952224,
    "MicroF1@20": 0.20009335615372648,
    "_micro_f1": 0.2178610804851158,
    "_micro_k": 12,
    "_micro_f1_curve": [
      0.09892911779704233,
      0.1457858769931663,
      0.16385343762865373,
      0.17724371010138945,
      0.19537452537107353,
      0.20440753752794633,
      0.2086181277860327,
      0.21116976938038343,
      0.2108009392121054,
      0.21391689205802802,
      0.21483375959079284,
      0.2178610804851158,
      0.21681694275529462,
      0.21387167699380372,
      0.21004391827382085,
      0.2069091573752513,
      0.2040315512708151,
      0.20239097491160127,
      0.1982828446460392,
      0.20071796472608086
    ],
    "_elapsed": 115.32807683944702
  }
}