{
  "config": {
    "model_type": "biencoder",
    "model": "law-ai/InLegalBERT",
    "skip_tfidf": false,
    "agg": "max_chunk",
    "tfidf_scheme": "augmented",
    "tfidf_ngram": 4,
    "tfidf_top_n": 200,
    "tfidf_min_df": 2,
    "tfidf_max_df": 0.95,
    "alpha": 0.75,
    "chunk_tokens": 256,
    "chunk_stride": 128,
    "encode_batch": 128,
    "batch_size": 32,
    "max_length": 512,
    "citation_beta": 0.1,
    "label": "CO_inlegal_b10",
    "group": "CO"
  },
  "metrics": {
    "model": "",
    "MAP": 0.5692807753015484,
    "MRR": 0.7873331576951892,
    "R-Precision": 0.53339860003532,
    "n_queries": 234,
    "P@5": 0.5008547008547011,
    "R@5": 0.5015740777624924,
    "F1@5": 0.41661148579939633,
    "NDCG@5": 0.6685103290294758,
    "MAP@5": 0.5873741690408355,
    "MicroF1@5": 0.4038594073053067,
    "P@6": 0.46937321937321935,
    "R@6": 0.5390796321877426,
    "F1@6": 0.4187731027811602,
    "NDCG@6": 0.6678477423462722,
    "MAP@6": 0.578105413105413,
    "MicroF1@6": 0.4201466369142493,
    "P@7": 0.4407814407814408,
    "R@7": 0.5683871026456779,
    "F1@7": 0.4161380544320553,
    "NDCG@7": 0.6670134250944605,
    "MAP@7": 0.5714986820939203,
    "MicroF1@7": 0.428232502965599,
    "P@8": 0.41346153846153844,
    "R@8": 0.5921031097236884,
    "F1@8": 0.40846265645928453,
    "NDCG@8": 0.6646310323387663,
    "MAP@8": 0.5641145318526269,
    "MicroF1@8": 0.42916551150540616,
    "P@9": 0.3898385565052234,
    "R@9": 0.6111433701951696,
    "F1@9": 0.4006549819300099,
    "NDCG@9": 0.6621187616703369,
    "MAP@9": 0.5570753561791922,
    "MicroF1@9": 0.4273815720978657,
    "P@10": 0.3636752136752137,
    "R@10": 0.621362197799328,
    "F1@10": 0.3874447522330201,
    "NDCG@10": 0.6579542604322621,
    "MAP@10": 0.5492332497259749,
    "MicroF1@10": 0.41746382143733135,
    "P@11": 0.3426573426573428,
    "R@11": 0.6395945855410301,
    "F1@11": 0.37771058658937134,
    "NDCG@11": 0.6589360713744647,
    "MAP@11": 0.5463533336263617,
    "MicroF1@11": 0.4090909090909091,
    "P@15": 0.27920227920227947,
    "R@15": 0.6766793032379523,
    "F1@15": 0.33921332165679907,
    "NDCG@15": 0.6632253424174791,
    "MAP@15": 0.5441856310668233,
    "MicroF1@15": 0.3731911652703732,
    "P@20": 0.22820512820512834,
    "R@20": 0.7065528764450593,
    "F1@20": 0.29986257702569197,
    "NDCG@20": 0.6714827989121188,
    "MAP@20": 0.5478144503463818,
    "MicroF1@20": 0.33234790726622065,
    "_micro_f1": 0.4301194776326758,
    "_micro_k": 8,
    "_micro_f1_curve": [
      0.16624171341152474,
      0.26879271070615035,
      0.34252778921366817,
      0.3755163349605708,
      0.4045564376941664,
      0.4209517725966145,
      0.4291233283803863,
      0.4301194776326758,
      0.4283850769632142,
      0.4184902876813376,
      0.4101371774006045,
      0.4017640573318633,
      0.3921157475361711,
      0.38217069758145117,
      0.37426007256062627,
      0.36556388228842984,
      0.3572304995617879,
      0.346859740697087,
      0.3401911550299692,
      0.3333853597627595
    ],
    "_elapsed": 1067.1156129837036
  }
}