{
  "config": {
    "model_type": "biencoder",
    "model": "sentence-transformers/all-MiniLM-L6-v2",
    "skip_tfidf": false,
    "agg": "max_chunk",
    "tfidf_scheme": "augmented",
    "tfidf_ngram": 4,
    "tfidf_top_n": 200,
    "tfidf_min_df": 2,
    "tfidf_max_df": 0.95,
    "alpha": 0.75,
    "chunk_tokens": 256,
    "chunk_stride": 128,
    "encode_batch": 128,
    "batch_size": 32,
    "max_length": 512,
    "citation_beta": 0.1,
    "label": "CO_minilm_b10",
    "group": "CO"
  },
  "metrics": {
    "model": "",
    "MAP": 0.5752435950330841,
    "MRR": 0.7853719845946363,
    "R-Precision": 0.5362145565955448,
    "n_queries": 234,
    "P@5": 0.5094017094017093,
    "R@5": 0.5041459530155271,
    "F1@5": 0.42047732143780725,
    "NDCG@5": 0.6735610474885356,
    "MAP@5": 0.5953252611585945,
    "MicroF1@5": 0.4107512060647829,
    "P@6": 0.47079772079772086,
    "R@6": 0.5360698321587116,
    "F1@6": 0.41706214950586235,
    "NDCG@6": 0.6677276882313118,
    "MAP@6": 0.5801994301994304,
    "MicroF1@6": 0.42142174051641695,
    "P@7": 0.4438339438339439,
    "R@7": 0.5667981321896505,
    "F1@7": 0.41654918280338205,
    "NDCG@7": 0.667521701224344,
    "MAP@7": 0.5744682345872822,
    "MicroF1@7": 0.43119810201660735,
    "P@8": 0.41346153846153844,
    "R@8": 0.5864564932599478,
    "F1@8": 0.40664284033251696,
    "NDCG@8": 0.6626522507842931,
    "MAP@8": 0.5640716453960501,
    "MicroF1@8": 0.42916551150540616,
    "P@9": 0.38936372269705616,
    "R@9": 0.6159152641399617,
    "F1@9": 0.400051664794938,
    "NDCG@9": 0.6622101440617657,
    "MAP@9": 0.5573809873743732,
    "MicroF1@9": 0.42686100989068193,
    "P@10": 0.3653846153846156,
    "R@10": 0.6353487979780568,
    "F1@10": 0.39061017966860306,
    "NDCG@10": 0.66130190757115,
    "MAP@10": 0.5508947387121993,
    "MicroF1@10": 0.41942604856512145,
    "P@11": 0.3461538461538464,
    "R@11": 0.6528982991917203,
    "F1@11": 0.3827890023958473,
    "NDCG@11": 0.6629360438212955,
    "MAP@11": 0.5491718446029416,
    "MicroF1@11": 0.41326530612244894,
    "P@15": 0.2846153846153849,
    "R@15": 0.6967126194339761,
    "F1@15": 0.346855771861129,
    "NDCG@15": 0.6703484975711518,
    "MAP@15": 0.5497880871337597,
    "MicroF1@15": 0.3804265041888804,
    "P@20": 0.23547008547008555,
    "R@20": 0.7349818929446779,
    "F1@20": 0.31006580960717844,
    "NDCG@20": 0.6823924179528196,
    "MAP@20": 0.5566836746050122,
    "MicroF1@20": 0.3429282713552202,
    "_micro_f1": 0.43209509658246653,
    "_micro_k": 7,
    "_micro_f1_curve": [
      0.16828148903620602,
      0.26879271070615035,
      0.33758748456154797,
      0.3815245963199399,
      0.41146013117017605,
      0.4222293197061641,
      0.43209509658246653,
      0.4301194776326758,
      0.42786329246021393,
      0.42045733956233095,
      0.4143222506393862,
      0.40793825799338473,
      0.40050325015726573,
      0.38976614031581047,
      0.38151613519190375,
      0.3743374154633522,
      0.36774758983347944,
      0.3613402929786159,
      0.35315081807873,
      0.34399875136569374
    ],
    "_elapsed": 265.0682361125946
  }
}