{
  "config": {
    "model_type": "tfidf_only",
    "model": null,
    "skip_tfidf": false,
    "agg": "max_chunk",
    "tfidf_scheme": "augmented",
    "tfidf_ngram": 4,
    "tfidf_top_n": 200,
    "tfidf_min_df": 2,
    "tfidf_max_df": 0.95,
    "alpha": 0.9,
    "chunk_tokens": 256,
    "chunk_stride": 128,
    "encode_batch": 128,
    "batch_size": 32,
    "max_length": 512,
    "citation_beta": 0.1,
    "label": "CO_tfidf_b10",
    "group": "CO"
  },
  "metrics": {
    "model": "",
    "MAP": 0.5982904005377235,
    "MRR": 0.7964368701873081,
    "R-Precision": 0.5538062525444254,
    "n_queries": 234,
    "P@5": 0.5264957264957264,
    "R@5": 0.5186993864741561,
    "F1@5": 0.4346199961196974,
    "NDCG@5": 0.6937143940140253,
    "MAP@5": 0.6166939696106364,
    "MicroF1@5": 0.4245348035837353,
    "P@6": 0.49002849002848997,
    "R@6": 0.5592197680141527,
    "F1@6": 0.4357809204529558,
    "NDCG@6": 0.6912621426398985,
    "MAP@6": 0.6059009971509971,
    "MicroF1@6": 0.43863563914568054,
    "P@7": 0.45665445665445653,
    "R@7": 0.5856639289421123,
    "F1@7": 0.429785569168619,
    "NDCG@7": 0.6876158736136532,
    "MAP@7": 0.5964258823187396,
    "MicroF1@7": 0.4436536180308422,
    "P@8": 0.42735042735042733,
    "R@8": 0.6091754028989229,
    "F1@8": 0.42215401020932175,
    "NDCG@8": 0.6843118993168763,
    "MAP@8": 0.5873487739112738,
    "MicroF1@8": 0.44358192403659547,
    "P@9": 0.4026590693257363,
    "R@9": 0.6323002065575114,
    "F1@9": 0.4149608097717299,
    "NDCG@9": 0.6825697995014751,
    "MAP@9": 0.5803464590964587,
    "MicroF1@9": 0.44143675169182717,
    "P@10": 0.3824786324786326,
    "R@10": 0.6505361914390981,
    "F1@10": 0.4079832315909189,
    "NDCG@10": 0.6833670785653465,
    "MAP@10": 0.5776586924735071,
    "MicroF1@10": 0.43904831984302184,
    "P@11": 0.3632478632478635,
    "R@11": 0.666666145764264,
    "F1@11": 0.39939060651173225,
    "NDCG@11": 0.6851136138222614,
    "MAP@11": 0.5768783042309976,
    "MicroF1@11": 0.4336734693877551,
    "P@15": 0.2960113960113963,
    "R@15": 0.7114382003607008,
    "F1@15": 0.3596876231185684,
    "NDCG@15": 0.6908902731011378,
    "MAP@15": 0.5755669701148453,
    "MicroF1@15": 0.39565879664889564,
    "P@20": 0.24273504273504282,
    "R@20": 0.7446652685628847,
    "F1@20": 0.318516570011645,
    "NDCG@20": 0.7003933568689324,
    "MAP@20": 0.5809095667726258,
    "MicroF1@20": 0.3535086354442197,
    "_micro_f1": 0.44457652303120354,
    "_micro_k": 7,
    "_micro_f1_curve": [
      0.16828148903620602,
      0.28519362186788155,
      0.3548785508439687,
      0.39654524971836275,
      0.4252675181221953,
      0.4394762056850846,
      0.44457652303120354,
      0.44456793553764934,
      0.4424732585442212,
      0.44012785837226454,
      0.43478260869565216,
      0.42822491730981266,
      0.41895575592367373,
      0.4093543873675794,
      0.39679205652090893,
      0.3896910985194663,
      0.38071866783523217,
      0.3721165179323118,
      0.3625465737890815,
      0.3546121429686281
    ],
    "_elapsed": 18.788891077041626
  }
}