{
  "config": {
    "model_type": "tfidf_only",
    "model": null,
    "skip_tfidf": false,
    "agg": "max_chunk",
    "tfidf_scheme": "augmented",
    "tfidf_ngram": 4,
    "tfidf_top_n": 200,
    "tfidf_min_df": 2,
    "tfidf_max_df": 0.95,
    "alpha": 0.8,
    "chunk_tokens": 256,
    "chunk_stride": 128,
    "encode_batch": 128,
    "batch_size": 32,
    "max_length": 512,
    "citation_beta": 0.2,
    "label": "CO_tfidf_b20",
    "group": "CO"
  },
  "metrics": {
    "model": "",
    "MAP": 0.5964317519158028,
    "MRR": 0.7929705833876879,
    "R-Precision": 0.5530248117629847,
    "n_queries": 234,
    "P@5": 0.5273504273504273,
    "R@5": 0.5189368033782397,
    "F1@5": 0.4349916051869587,
    "NDCG@5": 0.6928686407550698,
    "MAP@5": 0.6158962488129157,
    "MicroF1@5": 0.425223983459683,
    "P@6": 0.4893162393162393,
    "R@6": 0.5587924175868024,
    "F1@6": 0.4353423450612846,
    "NDCG@6": 0.6895109408123063,
    "MAP@6": 0.6041583570750237,
    "MicroF1@6": 0.4379980873445967,
    "P@7": 0.4560439560439559,
    "R@7": 0.5850608283390116,
    "F1@7": 0.42918524356829335,
    "NDCG@7": 0.6859610869160065,
    "MAP@7": 0.594822300715158,
    "MicroF1@7": 0.4430604982206406,
    "P@8": 0.4252136752136752,
    "R@8": 0.608149761873282,
    "F1@8": 0.42083290811302587,
    "NDCG@8": 0.681694286664928,
    "MAP@8": 0.5844758597883597,
    "MicroF1@8": 0.44136401441641254,
    "P@9": 0.3998100664767334,
    "R@9": 0.6285578378151426,
    "F1@9": 0.41236029578903943,
    "NDCG@9": 0.6789312757420933,
    "MAP@9": 0.5768857497098233,
    "MicroF1@9": 0.4383133784487246,
    "P@10": 0.3811965811965813,
    "R@10": 0.6494067653096719,
    "F1@10": 0.4068394407412458,
    "NDCG@10": 0.6811240336193731,
    "MAP@10": 0.5751291849439997,
    "MicroF1@10": 0.4375766494971793,
    "P@11": 0.3616938616938619,
    "R@11": 0.6656082379990393,
    "F1@11": 0.39828144700720475,
    "NDCG@11": 0.6826714048940188,
    "MAP@11": 0.5738792396031452,
    "MicroF1@11": 0.43181818181818177,
    "P@15": 0.29572649572649606,
    "R@15": 0.7108350997576003,
    "F1@15": 0.3592290810220952,
    "NDCG@15": 0.6892501659593615,
    "MAP@15": 0.5736516197165892,
    "MicroF1@15": 0.3952779893373953,
    "P@20": 0.24209401709401718,
    "R@20": 0.7442191564094556,
    "F1@20": 0.3179965880708981,
    "NDCG@20": 0.6985870902981408,
    "MAP@20": 0.5785684196244398,
    "MicroF1@20": 0.352575073906955,
    "_micro_f1": 0.4439821693907875,
    "_micro_k": 7,
    "_micro_f1_curve": [
      0.16726160122386538,
      0.283371298405467,
      0.3524083985179086,
      0.3942921517085993,
      0.42595788746979635,
      0.4388374321303098,
      0.4439821693907875,
      0.44234509585996107,
      0.43934255152621965,
      0.43865256946151954,
      0.43292257614508256,
      0.4264608599779493,
      0.4176976305305095,
      0.4093543873675794,
      0.39641015848768374,
      0.3889599707548894,
      0.37896581945661706,
      0.3707694898130998,
      0.3625465737890815,
      0.3536756672389574
    ],
    "_elapsed": 18.712398052215576
  }
}