{
  "config": {
    "model_type": "tfidf_only",
    "model": null,
    "skip_tfidf": false,
    "agg": "max_chunk",
    "tfidf_scheme": "augmented",
    "tfidf_ngram": 4,
    "tfidf_top_n": 200,
    "tfidf_min_df": 2,
    "tfidf_max_df": 0.95,
    "alpha": 0.95,
    "chunk_tokens": 256,
    "chunk_stride": 128,
    "encode_batch": 128,
    "batch_size": 32,
    "max_length": 512,
    "citation_beta": 0.05,
    "label": "CO_tfidf_b05",
    "group": "CO"
  },
  "metrics": {
    "model": "",
    "MAP": 0.5981357480634627,
    "MRR": 0.7938252842423889,
    "R-Precision": 0.5540199277581006,
    "n_queries": 234,
    "P@5": 0.5264957264957264,
    "R@5": 0.5187421215168911,
    "F1@5": 0.4346769761766775,
    "NDCG@5": 0.6929649498747805,
    "MAP@5": 0.615644586894587,
    "MicroF1@5": 0.4245348035837353,
    "P@6": 0.4907407407407407,
    "R@6": 0.5613565201509049,
    "F1@6": 0.43684929652133186,
    "NDCG@6": 0.6914283866429831,
    "MAP@6": 0.6055923551756885,
    "MicroF1@6": 0.4392731909467644,
    "P@7": 0.4578754578754578,
    "R@7": 0.5899374332156165,
    "F1@7": 0.43168490440128754,
    "NDCG@7": 0.6886503540985379,
    "MAP@7": 0.596722653448844,
    "MicroF1@7": 0.4448398576512455,
    "P@8": 0.4284188034188034,
    "R@8": 0.6134489071724272,
    "F1@8": 0.42386341191872345,
    "NDCG@8": 0.6853463798017613,
    "MAP@8": 0.5876531762990097,
    "MicroF1@8": 0.444690878846687,
    "P@9": 0.4036087369420705,
    "R@9": 0.6345590588163635,
    "F1@9": 0.4159320607429809,
    "NDCG@9": 0.6831178700032038,
    "MAP@9": 0.5808414544988616,
    "MicroF1@9": 0.4424778761061947,
    "P@10": 0.38333333333333347,
    "R@10": 0.6527950436979504,
    "F1@10": 0.40888541582643656,
    "NDCG@10": 0.683895911728329,
    "MAP@10": 0.578158963807112,
    "MicroF1@10": 0.44002943340691686,
    "P@11": 0.36363636363636387,
    "R@11": 0.6669713960695144,
    "F1@11": 0.3997324868536126,
    "NDCG@11": 0.6848951591319059,
    "MAP@11": 0.5769555418082354,
    "MicroF1@11": 0.4341372912801484,
    "P@15": 0.29629629629629656,
    "R@15": 0.7115677004902009,
    "F1@15": 0.3598656857966311,
    "NDCG@15": 0.6906313680059059,
    "MAP@15": 0.5756471068189138,
    "MicroF1@15": 0.396039603960396,
    "P@20": 0.24294871794871803,
    "R@20": 0.7448789437765599,
    "F1@20": 0.31873024522532023,
    "NDCG@20": 0.700102540928752,
    "MAP@20": 0.5809003814753181,
    "MicroF1@20": 0.35381982262330797,
    "_micro_f1": 0.44576523031203563,
    "_micro_k": 7,
    "_micro_f1_curve": [
      0.16726160122386538,
      0.28519362186788155,
      0.3548785508439687,
      0.3972962823882839,
      0.4252675181221953,
      0.4401149792398595,
      0.44576523031203563,
      0.44567935537649345,
      0.44351682755022176,
      0.44111138431276126,
      0.4352476168332946,
      0.4286659316427784,
      0.4197945061857832,
      0.4093543873675794,
      0.397173954554134,
      0.3900566624017547,
      0.3810692375109553,
      0.37279003199191785,
      0.3628705653653005,
      0.3549243015451849
    ],
    "_elapsed": 18.79262900352478
  }
}