{
  "config": {
    "model_type": "biencoder",
    "model": "sentence-transformers/all-MiniLM-L6-v2",
    "skip_tfidf": false,
    "agg": "mean_chunk",
    "tfidf_scheme": "augmented",
    "tfidf_ngram": 4,
    "tfidf_top_n": 200,
    "tfidf_min_df": 2,
    "tfidf_max_df": 0.95,
    "alpha": 0.8,
    "chunk_tokens": 256,
    "chunk_stride": 128,
    "encode_batch": 128,
    "batch_size": 32,
    "max_length": 512,
    "citation_beta": 0.0,
    "label": "G_aug_n7_a08_meanchunk",
    "group": "G"
  },
  "metrics": {
    "model": "",
    "MAP": 0.5655114995386666,
    "MRR": 0.7760097324237997,
    "R-Precision": 0.5250161617323745,
    "n_queries": 234,
    "P@5": 0.5076923076923076,
    "R@5": 0.49813583620882235,
    "F1@5": 0.41799970408839476,
    "NDCG@5": 0.6695166950108914,
    "MAP@5": 0.5909769705603038,
    "MicroF1@5": 0.40937284631288773,
    "P@6": 0.4722222222222222,
    "R@6": 0.5377059225434084,
    "F1@6": 0.4192393456887821,
    "NDCG@6": 0.6669237990340346,
    "MAP@6": 0.5796331908831909,
    "MicroF1@6": 0.4226968441185846,
    "P@7": 0.43894993894993917,
    "R@7": 0.5614752345179104,
    "F1@7": 0.4119351005398204,
    "NDCG@7": 0.6625123903326221,
    "MAP@7": 0.5698484650270365,
    "MicroF1@7": 0.42645314353499403,
    "P@8": 0.40865384615384615,
    "R@8": 0.5852869372940557,
    "F1@8": 0.403500821891996,
    "NDCG@8": 0.6583611362015649,
    "MAP@8": 0.5586755770684343,
    "MicroF1@8": 0.4241752148599945,
    "P@9": 0.3831908831908833,
    "R@9": 0.6013563459562372,
    "F1@9": 0.393498445395014,
    "NDCG@9": 0.6540278954440398,
    "MAP@9": 0.5501681380054396,
    "MicroF1@9": 0.420093701197293,
    "P@10": 0.3615384615384617,
    "R@10": 0.621389906294306,
    "F1@10": 0.38587828332302604,
    "NDCG@10": 0.6542793095510651,
    "MAP@10": 0.5463559197024805,
    "MicroF1@10": 0.41501103752759383,
    "P@11": 0.3445998445998448,
    "R@11": 0.6419767529412325,
    "F1@11": 0.3795795670881613,
    "NDCG@11": 0.657490467277481,
    "MAP@11": 0.5460785119250728,
    "MicroF1@11": 0.4114100185528757,
    "P@15": 0.2803418803418806,
    "R@15": 0.6878535626166021,
    "F1@15": 0.3413733547242312,
    "NDCG@15": 0.6636556240479734,
    "MAP@15": 0.5444131611977425,
    "MicroF1@15": 0.3747143945163747,
    "P@20": 0.227991452991453,
    "R@20": 0.7144648300443289,
    "F1@20": 0.300466149310767,
    "NDCG@20": 0.6702740637167042,
    "MAP@20": 0.5468933668832606,
    "MicroF1@20": 0.33203672008713236,
    "_micro_f1": 0.42734026745913817,
    "_micro_k": 7,
    "_micro_f1_curve": [
      0.16420193778684344,
      0.2724373576309795,
      0.3482914779744751,
      0.3800225309800976,
      0.41007939247497416,
      0.42350686681571387,
      0.42734026745913817,
      0.4251180883578772,
      0.4210800939212105,
      0.41603147283009595,
      0.4124622180888165,
      0.40264608599779494,
      0.39253512266722584,
      0.3833699780131921,
      0.3757876646935268,
      0.3666605739352952,
      0.3593339176161262,
      0.349217039905708,
      0.34148712133484527,
      0.3330732011862026
    ],
    "_elapsed": 263.47787380218506
  }
}