{
  "config": {
    "model_type": "biencoder",
    "model": "sentence-transformers/all-MiniLM-L6-v2",
    "skip_tfidf": false,
    "agg": "max_chunk",
    "tfidf_scheme": "augmented",
    "tfidf_ngram": 4,
    "tfidf_top_n": 200,
    "tfidf_min_df": 2,
    "tfidf_max_df": 0.95,
    "alpha": 0.8,
    "chunk_tokens": 256,
    "chunk_stride": 128,
    "encode_batch": 128,
    "batch_size": 32,
    "max_length": 512,
    "citation_beta": 0.0,
    "label": "I_aug_n7_a08",
    "group": "I"
  },
  "metrics": {
    "model": "",
    "MAP": 0.5663022767568668,
    "MRR": 0.7751790783777662,
    "R-Precision": 0.5164794267433582,
    "n_queries": 234,
    "P@5": 0.5068376068376068,
    "R@5": 0.5038436953603285,
    "F1@5": 0.41879685765208036,
    "NDCG@5": 0.6672824827147316,
    "MAP@5": 0.5862915479582144,
    "MicroF1@5": 0.40868366643694,
    "P@6": 0.4707977207977208,
    "R@6": 0.5398854609743404,
    "F1@6": 0.41749236980787763,
    "NDCG@6": 0.6638688840627471,
    "MAP@6": 0.5740265906932575,
    "MicroF1@6": 0.42142174051641695,
    "P@7": 0.4407814407814409,
    "R@7": 0.5685746261135803,
    "F1@7": 0.41455220131512244,
    "NDCG@7": 0.661671559707026,
    "MAP@7": 0.5663270151365389,
    "MicroF1@7": 0.428232502965599,
    "P@8": 0.4113247863247863,
    "R@8": 0.5867046069696,
    "F1@8": 0.4048374798315042,
    "NDCG@8": 0.6567120394416407,
    "MAP@8": 0.5561590002810238,
    "MicroF1@8": 0.4269476018852231,
    "P@9": 0.3850902184235519,
    "R@9": 0.6051533112305729,
    "F1@9": 0.3955443326107089,
    "NDCG@9": 0.6526664087177727,
    "MAP@9": 0.5470539913496257,
    "MicroF1@9": 0.42217595002602815,
    "P@10": 0.3606837606837609,
    "R@10": 0.6218131823591079,
    "F1@10": 0.3852124050608973,
    "NDCG@10": 0.6507324970399353,
    "MAP@10": 0.5411068298006129,
    "MicroF1@10": 0.41402992396369875,
    "P@11": 0.345765345765346,
    "R@11": 0.6502071844316397,
    "F1@11": 0.3819115427942725,
    "NDCG@11": 0.6567384956825488,
    "MAP@11": 0.541915831405069,
    "MicroF1@11": 0.41280148423005564,
    "P@15": 0.2814814814814818,
    "R@15": 0.6908771351081214,
    "F1@15": 0.3431023973970034,
    "NDCG@15": 0.6619111789956403,
    "MAP@15": 0.5403083641019779,
    "MicroF1@15": 0.37623762376237624,
    "P@20": 0.23333333333333336,
    "R@20": 0.7314808792884686,
    "F1@20": 0.30757439795395436,
    "NDCG@20": 0.674712263736364,
    "MAP@20": 0.5472815539673249,
    "MicroF1@20": 0.33981639956433796,
    "_micro_f1": 0.4291233283803863,
    "_micro_k": 7,
    "_micro_f1_curve": [
      0.16420193778684344,
      0.2660592255125285,
      0.3384108686702347,
      0.3755163349605708,
      0.40938902312737313,
      0.4222293197061641,
      0.4291233283803863,
      0.42789663795498745,
      0.42316723193321154,
      0.41504794688959923,
      0.4138572425017438,
      0.4044101433296582,
      0.39421262319144473,
      0.384569258444933,
      0.37731525682642736,
      0.3710473405227563,
      0.36319018404907977,
      0.355952180501768,
      0.3505588854689778,
      0.3408771656001248
    ],
    "_elapsed": 264.20126390457153
  }
}