{
  "config": {
    "model_type": "biencoder",
    "model": "sentence-transformers/all-MiniLM-L6-v2",
    "skip_tfidf": false,
    "agg": "max_chunk",
    "tfidf_scheme": "augmented",
    "tfidf_ngram": 4,
    "tfidf_top_n": 200,
    "tfidf_min_df": 2,
    "tfidf_max_df": 0.95,
    "alpha": 0.6,
    "chunk_tokens": 256,
    "chunk_stride": 128,
    "encode_batch": 128,
    "batch_size": 32,
    "max_length": 512,
    "citation_beta": 0.0,
    "label": "I_aug_n7_a06",
    "group": "I"
  },
  "metrics": {
    "model": "",
    "MAP": 0.5174452425754387,
    "MRR": 0.7382365190451962,
    "R-Precision": 0.4687031771614891,
    "n_queries": 234,
    "P@5": 0.470940170940171,
    "R@5": 0.453287125612746,
    "F1@5": 0.3821464710016936,
    "NDCG@5": 0.6133800556894083,
    "MAP@5": 0.5320631528964859,
    "MicroF1@5": 0.3797381116471399,
    "P@6": 0.4408831908831911,
    "R@6": 0.487687665085155,
    "F1@6": 0.38336237549389146,
    "NDCG@6": 0.6116709401868818,
    "MAP@6": 0.5217545109211774,
    "MicroF1@6": 0.3946445648708958,
    "P@7": 0.4072039072039074,
    "R@7": 0.5160989503387403,
    "F1@7": 0.3793366665377542,
    "NDCG@7": 0.6065468455487948,
    "MAP@7": 0.5090713607380271,
    "MicroF1@7": 0.3956109134045077,
    "P@8": 0.3840811965811966,
    "R@8": 0.5414634213343206,
    "F1@8": 0.3767204101729881,
    "NDCG@8": 0.6050781327585322,
    "MAP@8": 0.5011946309862977,
    "MicroF1@8": 0.3986692542278901,
    "P@9": 0.36134852801519496,
    "R@9": 0.5618403505042876,
    "F1@9": 0.3704804537267355,
    "NDCG@9": 0.6026519444563724,
    "MAP@9": 0.49308269833732793,
    "MicroF1@9": 0.3961478396668402,
    "P@10": 0.3393162393162395,
    "R@10": 0.5758301934179226,
    "F1@10": 0.361002035047685,
    "NDCG@10": 0.6006091420587321,
    "MAP@10": 0.4869655952757805,
    "MicroF1@10": 0.3895020848663233,
    "P@11": 0.320901320901321,
    "R@11": 0.5937743115091612,
    "F1@11": 0.3533223942742948,
    "NDCG@11": 0.6023062414430308,
    "MAP@11": 0.48509641927781655,
    "MicroF1@11": 0.38311688311688313,
    "P@15": 0.26723646723646755,
    "R@15": 0.661893613063006,
    "F1@15": 0.3261965634110971,
    "NDCG@15": 0.617415617735182,
    "MAP@15": 0.4883287049414793,
    "MicroF1@15": 0.3571972581873572,
    "P@20": 0.22222222222222227,
    "R@20": 0.7068286413121773,
    "F1@20": 0.2935284762940579,
    "NDCG@20": 0.6313279413451516,
    "MAP@20": 0.49451382450436543,
    "MicroF1@20": 0.3236346662517504,
    "_micro_f1": 0.39955543206446237,
    "_micro_k": 8,
    "_micro_f1_curve": [
      0.15502294747577763,
      0.24692482915717542,
      0.3145327295183203,
      0.34622606083364627,
      0.3803935105281326,
      0.39540083040562124,
      0.3964338781575037,
      0.39955543206446237,
      0.39707800678319854,
      0.39045979837718225,
      0.3840967216926296,
      0.3783902976846748,
      0.3740826169008178,
      0.36538077153707776,
      0.35822035516517087,
      0.3516724547614696,
      0.3453111305872042,
      0.3370937868328001,
      0.33047140774339867,
      0.3246449196191665
    ],
    "_elapsed": 263.13217782974243
  }
}