{
  "config": {
    "model_type": "biencoder",
    "model": "sentence-transformers/all-MiniLM-L6-v2",
    "skip_tfidf": false,
    "agg": "max_chunk",
    "tfidf_scheme": "augmented",
    "tfidf_ngram": 9,
    "tfidf_top_n": 200,
    "tfidf_min_df": 2,
    "tfidf_max_df": 0.95,
    "alpha": 0.8,
    "chunk_tokens": 256,
    "chunk_stride": 128,
    "encode_batch": 128,
    "batch_size": 32,
    "max_length": 512,
    "citation_beta": 0.0,
    "label": "I_aug_n9_a08",
    "group": "I"
  },
  "metrics": {
    "model": "",
    "MAP": 0.5685023869894151,
    "MRR": 0.7744067371901198,
    "R-Precision": 0.520327988799355,
    "n_queries": 234,
    "P@5": 0.5059829059829057,
    "R@5": 0.49769252178139417,
    "F1@5": 0.41644063125739245,
    "NDCG@5": 0.6653479545647007,
    "MAP@5": 0.5867200854700855,
    "MicroF1@5": 0.4079944865609924,
    "P@6": 0.4736467236467237,
    "R@6": 0.5343819367208162,
    "F1@6": 0.4187515995173336,
    "NDCG@6": 0.66357616538694,
    "MAP@6": 0.5768696581196582,
    "MicroF1@6": 0.4239719477207523,
    "P@7": 0.44383394383394403,
    "R@7": 0.5666585341333861,
    "F1@7": 0.41608780621488245,
    "NDCG@7": 0.6627100896217321,
    "MAP@7": 0.5698426022830786,
    "MicroF1@7": 0.43119810201660735,
    "P@8": 0.41346153846153844,
    "R@8": 0.5912467469284066,
    "F1@8": 0.407147748015721,
    "NDCG@8": 0.6590416067996493,
    "MAP@8": 0.5584323277031611,
    "MicroF1@8": 0.42916551150540616,
    "P@9": 0.38793922127255476,
    "R@9": 0.6161525352603007,
    "F1@9": 0.3989290357028188,
    "NDCG@9": 0.6569546054952612,
    "MAP@9": 0.5507084821899638,
    "MicroF1@9": 0.4252993232691306,
    "P@10": 0.36581196581196596,
    "R@10": 0.6324036034159303,
    "F1@10": 0.390364160988304,
    "NDCG@10": 0.6559314045967763,
    "MAP@10": 0.5457877907414947,
    "MicroF1@10": 0.4199166053470689,
    "P@11": 0.34693084693084725,
    "R@11": 0.651250421902817,
    "F1@11": 0.3830991124169854,
    "NDCG@11": 0.6580763163007656,
    "MAP@11": 0.5444351170403361,
    "MicroF1@11": 0.4141929499072356,
    "P@15": 0.28319088319088354,
    "R@15": 0.6937423204203523,
    "F1@15": 0.3452728932233457,
    "NDCG@15": 0.6640499143459117,
    "MAP@15": 0.5425760764199177,
    "MicroF1@15": 0.37852246763137853,
    "P@20": 0.23440170940170946,
    "R@20": 0.7333157708632826,
    "F1@20": 0.3089901042586146,
    "NDCG@20": 0.6763395812906898,
    "MAP@20": 0.5496682976211025,
    "MicroF1@20": 0.341372335459779,
    "_micro_f1": 0.43209509658246653,
    "_micro_k": 7,
    "_micro_f1_curve": [
      0.16420193778684344,
      0.26697038724373573,
      0.3433511733223549,
      0.3740142696207285,
      0.4086986537797722,
      0.42478441392526345,
      0.43209509658246653,
      0.4301194776326758,
      0.4262979389512131,
      0.4209491025325793,
      0.415252266914671,
      0.40705622932745317,
      0.3958901237156637,
      0.38776733959624227,
      0.3796066450257782,
      0.37250959605191003,
      0.36494303242769505,
      0.35696245159117695,
      0.34861493601166377,
      0.34243795848290937
    ],
    "_elapsed": 293.1323211193085
  }
}