{
  "config": {
    "model_type": "biencoder",
    "model": "sentence-transformers/all-MiniLM-L6-v2",
    "skip_tfidf": false,
    "agg": "max_chunk",
    "tfidf_scheme": "augmented",
    "tfidf_ngram": 4,
    "tfidf_top_n": 200,
    "tfidf_min_df": 2,
    "tfidf_max_df": 0.95,
    "alpha": 0.9,
    "chunk_tokens": 256,
    "chunk_stride": 128,
    "encode_batch": 128,
    "batch_size": 32,
    "max_length": 512,
    "citation_beta": 0.0,
    "label": "I_aug_n7_a09",
    "group": "I"
  },
  "metrics": {
    "model": "",
    "MAP": 0.5872764363116637,
    "MRR": 0.7907130785303479,
    "R-Precision": 0.5362420837561401,
    "n_queries": 234,
    "P@5": 0.5136752136752135,
    "R@5": 0.5112780103668826,
    "F1@5": 0.42486008391171276,
    "NDCG@5": 0.6820031817345913,
    "MAP@5": 0.602688746438746,
    "MicroF1@5": 0.41419710544452104,
    "P@6": 0.4814814814814814,
    "R@6": 0.5532211530600324,
    "F1@6": 0.4286274035995793,
    "NDCG@6": 0.6815152303233093,
    "MAP@6": 0.5945500949667618,
    "MicroF1@6": 0.43098501753267454,
    "P@7": 0.44993894993895006,
    "R@7": 0.5798935244517093,
    "F1@7": 0.42359945335289845,
    "NDCG@7": 0.6785786881145993,
    "MAP@7": 0.5851212522045856,
    "MicroF1@7": 0.437129300118624,
    "P@8": 0.421474358974359,
    "R@8": 0.6038155527664432,
    "F1@8": 0.4164251548645034,
    "NDCG@8": 0.6756791157235963,
    "MAP@8": 0.5767326831017306,
    "MicroF1@8": 0.4374826725810923,
    "P@9": 0.39363722697056036,
    "R@9": 0.6206533288636583,
    "F1@9": 0.405326797060794,
    "NDCG@9": 0.670775406710696,
    "MAP@9": 0.567266249329741,
    "MicroF1@9": 0.43154606975533577,
    "P@10": 0.37350427350427373,
    "R@10": 0.637996996186261,
    "F1@10": 0.3980040783855653,
    "NDCG@10": 0.6711435048828203,
    "MAP@10": 0.5643579864677746,
    "MicroF1@10": 0.4287466274221241,
    "P@11": 0.3558663558663562,
    "R@11": 0.6635161847174377,
    "F1@11": 0.39248987686650566,
    "NDCG@11": 0.6756752946939014,
    "MAP@11": 0.5638347316642169,
    "MicroF1@11": 0.42486085343228197,
    "P@15": 0.2934472934472937,
    "R@15": 0.7115173751988765,
    "F1@15": 0.35705562578268246,
    "NDCG@15": 0.684275410444528,
    "MAP@15": 0.5653437514350603,
    "MicroF1@15": 0.39223153084539225,
    "P@20": 0.23995726495726502,
    "R@20": 0.7440108015731289,
    "F1@20": 0.3159279354381537,
    "NDCG@20": 0.6932574605384854,
    "MAP@20": 0.5700726685668941,
    "MicroF1@20": 0.3494632021160728,
    "_micro_f1": 0.4384551264240067,
    "_micro_k": 8,
    "_micro_f1_curve": [
      0.16726160122386538,
      0.2769931662870159,
      0.3524083985179086,
      0.3890349230191513,
      0.41491197790818085,
      0.4318109230277866,
      0.438038632986627,
      0.4384551264240067,
      0.43255935298721626,
      0.42980083599704944,
      0.4259474540804464,
      0.4207276736493937,
      0.4114070035646886,
      0.40295822506496104,
      0.39335497422188276,
      0.38274538475598613,
      0.37510955302366344,
      0.3657181343660549,
      0.3576867001457962,
      0.35055408147338846
    ],
    "_elapsed": 263.71439576148987
  }
}