{
  "config": {
    "model_type": "biencoder",
    "model": "sentence-transformers/all-MiniLM-L6-v2",
    "skip_tfidf": false,
    "agg": "max_chunk",
    "tfidf_scheme": "log",
    "tfidf_ngram": 4,
    "tfidf_top_n": 200,
    "tfidf_min_df": 2,
    "tfidf_max_df": 0.95,
    "alpha": 0.6,
    "chunk_tokens": 256,
    "chunk_stride": 128,
    "encode_batch": 128,
    "batch_size": 32,
    "max_length": 512,
    "citation_beta": 0.0,
    "label": "I_log_n4_a06",
    "group": "I"
  },
  "metrics": {
    "model": "",
    "MAP": 0.5279312010942039,
    "MRR": 0.7451336842561254,
    "R-Precision": 0.4854200806783252,
    "n_queries": 234,
    "P@5": 0.4760683760683761,
    "R@5": 0.45367055628463815,
    "F1@5": 0.3853758196257791,
    "NDCG@5": 0.6211003182189181,
    "MAP@5": 0.543225308641975,
    "MicroF1@5": 0.3838731909028257,
    "P@6": 0.4430199430199433,
    "R@6": 0.498432029122202,
    "F1@6": 0.38815422175037084,
    "NDCG@6": 0.6206611875067108,
    "MAP@6": 0.5309698480531815,
    "MicroF1@6": 0.3965572202741473,
    "P@7": 0.41025641025641035,
    "R@7": 0.5271000646090854,
    "F1@7": 0.38420020315789294,
    "NDCG@7": 0.6164334525009111,
    "MAP@7": 0.5186420964397154,
    "MicroF1@7": 0.39857651245551595,
    "P@8": 0.3888888888888889,
    "R@8": 0.553475795547085,
    "F1@8": 0.38219432273084414,
    "NDCG@8": 0.6164281700241593,
    "MAP@8": 0.5127769298602631,
    "MicroF1@8": 0.4036595508733019,
    "P@9": 0.36324786324786346,
    "R@9": 0.5708675294032612,
    "F1@9": 0.3732471132997085,
    "NDCG@9": 0.6120289048377433,
    "MAP@9": 0.5031771375058413,
    "MicroF1@9": 0.3982300884955753,
    "P@10": 0.3410256410256412,
    "R@10": 0.5924310389661367,
    "F1@10": 0.3649165868761832,
    "NDCG@10": 0.6119368178854692,
    "MAP@10": 0.4979591850193704,
    "MicroF1@10": 0.39146431199411336,
    "P@11": 0.32478632478632496,
    "R@11": 0.612388990153023,
    "F1@11": 0.3586288277144944,
    "NDCG@11": 0.6150795545839961,
    "MAP@11": 0.49764019564735074,
    "MicroF1@11": 0.38775510204081637,
    "P@15": 0.2689458689458692,
    "R@15": 0.6647308341313191,
    "F1@15": 0.3283020436699046,
    "NDCG@15": 0.6257666729739237,
    "MAP@15": 0.49856650865880064,
    "MicroF1@15": 0.35948210205635955,
    "P@20": 0.2235042735042735,
    "R@20": 0.709173235349402,
    "F1@20": 0.29541939333993006,
    "NDCG@20": 0.6395844711015635,
    "MAP@20": 0.5053191358829983,
    "MicroF1@20": 0.32550178932627977,
    "_micro_f1": 0.40455682133926085,
    "_micro_k": 8,
    "_micro_f1_curve": [
      0.1580826109127996,
      0.24692482915717542,
      0.31700288184438047,
      0.349981224183252,
      0.38453572661373836,
      0.39731715106994564,
      0.399405646359584,
      0.40455682133926085,
      0.39916514479519954,
      0.39242685025817553,
      0.38874680306905374,
      0.38235942668136713,
      0.3728244915076536,
      0.36538077153707776,
      0.36051174336452174,
      0.35423140193748864,
      0.3477651183172656,
      0.34012460010102713,
      0.3346832982342459,
      0.32651787107850794
    ],
    "_elapsed": 266.67735290527344
  }
}