{
  "config": {
    "model_type": "biencoder",
    "model": "bert-base-uncased",
    "skip_tfidf": false,
    "agg": "max_chunk",
    "tfidf_scheme": "augmented",
    "tfidf_ngram": 4,
    "tfidf_top_n": 200,
    "tfidf_min_df": 2,
    "tfidf_max_df": 0.95,
    "alpha": 0.8,
    "chunk_tokens": 256,
    "chunk_stride": 128,
    "encode_batch": 128,
    "batch_size": 32,
    "max_length": 512,
    "citation_beta": 0.0,
    "label": "M_bert_base",
    "group": "M"
  },
  "metrics": {
    "model": "",
    "MAP": 0.5338173192001171,
    "MRR": 0.7559367689008994,
    "R-Precision": 0.5013434148647916,
    "n_queries": 234,
    "P@5": 0.48034188034188036,
    "R@5": 0.4747890956728398,
    "F1@5": 0.3969133636532015,
    "NDCG@5": 0.635979097003754,
    "MAP@5": 0.5528027065527064,
    "MicroF1@5": 0.3873190902825637,
    "P@6": 0.4522792022792024,
    "R@6": 0.5197558961784865,
    "F1@6": 0.40260265838090936,
    "NDCG@6": 0.6382236378417251,
    "MAP@6": 0.5465610161443496,
    "MicroF1@6": 0.40484539368823713,
    "P@7": 0.42673992673992683,
    "R@7": 0.5537947140391739,
    "F1@7": 0.4028108649903507,
    "NDCG@7": 0.6398197966359014,
    "MAP@7": 0.5410650570769617,
    "MicroF1@7": 0.41459074733096085,
    "P@8": 0.4011752136752137,
    "R@8": 0.580148927495636,
    "F1@8": 0.3972611478165195,
    "NDCG@8": 0.638722966431766,
    "MAP@8": 0.5345755809446288,
    "MicroF1@8": 0.416412531189354,
    "P@9": 0.3741690408357077,
    "R@9": 0.59430764467816,
    "F1@9": 0.38616525238100713,
    "NDCG@9": 0.6332843192459674,
    "MAP@9": 0.5247245223667182,
    "MicroF1@9": 0.41020301926080166,
    "P@10": 0.34658119658119657,
    "R@10": 0.6017572153082557,
    "F1@10": 0.3710427465249878,
    "NDCG@10": 0.6276198820970231,
    "MAP@10": 0.5156763003555334,
    "MicroF1@10": 0.39784155015943096,
    "P@11": 0.3290598290598294,
    "R@11": 0.6212001319913807,
    "F1@11": 0.36366567316815046,
    "NDCG@11": 0.6303291009874977,
    "MAP@11": 0.5143680449184899,
    "MicroF1@11": 0.3928571428571428,
    "P@15": 0.2660968660968665,
    "R@15": 0.6544116741798266,
    "F1@15": 0.32386616903978876,
    "NDCG@15": 0.6328248142666679,
    "MAP@15": 0.5111382921239962,
    "MicroF1@15": 0.3556740289413557,
    "P@20": 0.21688034188034205,
    "R@20": 0.6862715617967461,
    "F1@20": 0.28588231215220106,
    "NDCG@20": 0.640958525850925,
    "MAP@20": 0.5134913987839929,
    "MicroF1@20": 0.31585498677454493,
    "_micro_f1": 0.41733814948596837,
    "_micro_k": 8,
    "_micro_f1_curve": [
      0.1580826109127996,
      0.26150341685649203,
      0.32935364347468093,
      0.36575291025159595,
      0.3879875733517432,
      0.4056212072820185,
      0.4154531946508172,
      0.41733814948596837,
      0.4111661883642056,
      0.39881976887140397,
      0.3938618925831202,
      0.38632855567805957,
      0.37743761794925557,
      0.3669798121127324,
      0.35669276303227043,
      0.34838237982087367,
      0.3404031551270815,
      0.3323791884155582,
      0.32561153410011345,
      0.31684095520524425
    ],
    "_elapsed": 1163.1330308914185
  }
}