{
  "config": {
    "model_type": "biencoder",
    "model": "law-ai/InCaseLawBERT",
    "skip_tfidf": false,
    "agg": "max_chunk",
    "tfidf_scheme": "augmented",
    "tfidf_ngram": 4,
    "tfidf_top_n": 200,
    "tfidf_min_df": 2,
    "tfidf_max_df": 0.95,
    "alpha": 0.9,
    "chunk_tokens": 256,
    "chunk_stride": 128,
    "encode_batch": 128,
    "batch_size": 32,
    "max_length": 512,
    "citation_beta": 0.0,
    "label": "M_incaselaw_a09",
    "group": "M"
  },
  "metrics": {
    "model": "",
    "MAP": 0.5828253430493553,
    "MRR": 0.7911562618829793,
    "R-Precision": 0.5401836521511056,
    "n_queries": 234,
    "P@5": 0.505982905982906,
    "R@5": 0.5118569207005309,
    "F1@5": 0.42157654897282343,
    "NDCG@5": 0.6791576876651864,
    "MAP@5": 0.5982039411206076,
    "MicroF1@5": 0.4079944865609924,
    "P@6": 0.4779202279202279,
    "R@6": 0.5546929244035991,
    "F1@6": 0.4277283525596217,
    "NDCG@6": 0.6810082136941045,
    "MAP@6": 0.5928525641025642,
    "MicroF1@6": 0.4277972585272554,
    "P@7": 0.44566544566544575,
    "R@7": 0.5814663047103872,
    "F1@7": 0.42228547420126983,
    "NDCG@7": 0.677707467130051,
    "MAP@7": 0.5832473544973547,
    "MicroF1@7": 0.4329774614472123,
    "P@8": 0.41933760683760685,
    "R@8": 0.6034598699377509,
    "F1@8": 0.4158883266912002,
    "NDCG@8": 0.6751627424885376,
    "MAP@8": 0.576583631315774,
    "MicroF1@8": 0.4352647629609094,
    "P@9": 0.395536562203229,
    "R@9": 0.6237201804577528,
    "F1@9": 0.40814670795243774,
    "NDCG@9": 0.6730561515144625,
    "MAP@9": 0.569366298751219,
    "MicroF1@9": 0.4336283185840708,
    "P@10": 0.37435897435897453,
    "R@10": 0.640516563949473,
    "F1@10": 0.3999602455948072,
    "NDCG@10": 0.6729127853305215,
    "MAP@10": 0.5657916104080124,
    "MicroF1@10": 0.4297277409860191,
    "P@11": 0.3531468531468535,
    "R@11": 0.6554969887529669,
    "F1@11": 0.3892758660457234,
    "NDCG@11": 0.6731437905053966,
    "MAP@11": 0.5628327889264636,
    "MicroF1@11": 0.4216141001855287,
    "P@15": 0.287749287749288,
    "R@15": 0.6919891829729581,
    "F1@15": 0.34934292139136564,
    "NDCG@15": 0.6771364578795797,
    "MAP@15": 0.5614796187045981,
    "MicroF1@15": 0.38461538461538464,
    "P@20": 0.23333333333333342,
    "R@20": 0.7173617216783603,
    "F1@20": 0.30650252467745204,
    "NDCG@20": 0.6833093732073162,
    "MAP@20": 0.5640075093386406,
    "MicroF1@20": 0.33981639956433796,
    "_micro_f1": 0.4362322867463184,
    "_micro_k": 8,
    "_micro_f1_curve": [
      0.16726160122386538,
      0.2824601366742597,
      0.3499382461918485,
      0.3875328576793091,
      0.4086986537797722,
      0.42861705525391247,
      0.4338781575037147,
      0.4362322867463184,
      0.43464649099921726,
      0.4307843619375461,
      0.4226923971169495,
      0.41323042998897463,
      0.40469700146781296,
      0.394963022186688,
      0.3857170135573802,
      0.3739718515810638,
      0.364592462751972,
      0.35561542347196506,
      0.3473189697067876,
      0.3408771656001248
    ],
    "_elapsed": 1091.5654819011688
  }
}