{
  "config": {
    "model_type": "biencoder",
    "model": "law-ai/InLegalBERT",
    "skip_tfidf": false,
    "agg": "max_chunk",
    "tfidf_scheme": "augmented",
    "tfidf_ngram": 4,
    "tfidf_top_n": 200,
    "tfidf_min_df": 2,
    "tfidf_max_df": 0.95,
    "alpha": 0.8,
    "chunk_tokens": 256,
    "chunk_stride": 128,
    "encode_batch": 128,
    "batch_size": 32,
    "max_length": 512,
    "citation_beta": 0.0,
    "label": "M_inlegalbert",
    "group": "M"
  },
  "metrics": {
    "model": "",
    "MAP": 0.5592014325961051,
    "MRR": 0.787532570092723,
    "R-Precision": 0.5240414192813377,
    "n_queries": 234,
    "P@5": 0.49230769230769245,
    "R@5": 0.4952266739791912,
    "F1@5": 0.4094166289992763,
    "NDCG@5": 0.6608072519558084,
    "MAP@5": 0.576796058879392,
    "MicroF1@5": 0.39696760854583046,
    "P@6": 0.46153846153846156,
    "R@6": 0.5322219362274825,
    "F1@6": 0.41175610942813445,
    "NDCG@6": 0.6598727111376999,
    "MAP@6": 0.5679499050332384,
    "MicroF1@6": 0.4131335671023271,
    "P@7": 0.4352869352869354,
    "R@7": 0.5628471772339578,
    "F1@7": 0.41067856903786315,
    "NDCG@7": 0.6601786400733922,
    "MAP@7": 0.5631262234238427,
    "MicroF1@7": 0.42289442467378413,
    "P@8": 0.4081196581196581,
    "R@8": 0.5872772850260687,
    "F1@8": 0.4033916715765088,
    "NDCG@8": 0.6579213193897682,
    "MAP@8": 0.555424649204411,
    "MicroF1@8": 0.4236207374549487,
    "P@9": 0.3817663817663818,
    "R@9": 0.6014824927646842,
    "F1@9": 0.39237087449947883,
    "NDCG@9": 0.6528592270668876,
    "MAP@9": 0.5464558959069542,
    "MicroF1@9": 0.4185320145757418,
    "P@10": 0.35427350427350424,
    "R@10": 0.6100683654910026,
    "F1@10": 0.3777753576969908,
    "NDCG@10": 0.6475112501538891,
    "MAP@10": 0.5382317178216649,
    "MicroF1@10": 0.40667157223448613,
    "P@11": 0.3360528360528363,
    "R@11": 0.6279079696877472,
    "F1@11": 0.36990486603353606,
    "NDCG@11": 0.6493390113774684,
    "MAP@11": 0.5360610826207268,
    "MicroF1@11": 0.4012059369202226,
    "P@15": 0.27321937321937356,
    "R@15": 0.6629922753313032,
    "F1@15": 0.3316364673718719,
    "NDCG@15": 0.652751114678278,
    "MAP@15": 0.5330474301009022,
    "MicroF1@15": 0.36519421172886524,
    "P@20": 0.224786324786325,
    "R@20": 0.6971668624116092,
    "F1@20": 0.2953244312472697,
    "NDCG@20": 0.6627007545517709,
    "MAP@20": 0.5373424083322604,
    "MicroF1@20": 0.3273689124008091,
    "_micro_f1": 0.4245623784384551,
    "_micro_k": 8,
    "_micro_f1_curve": [
      0.16726160122386538,
      0.26788154897494304,
      0.33758748456154797,
      0.36950807360120164,
      0.3976527442181567,
      0.4139252634940913,
      0.42377414561664195,
      0.4245623784384551,
      0.41951474041220976,
      0.4076715023358741,
      0.4022320390606835,
      0.3929437706725468,
      0.38540574543929546,
      0.3741754947031781,
      0.3662402138628987,
      0.3571559129957961,
      0.34986853637160387,
      0.34248189930964806,
      0.33533128138668394,
      0.32839082253784924
    ],
    "_elapsed": 1180.3556687831879
  }
}