{
  "config": {
    "model_type": "biencoder",
    "model": "law-ai/InLegalBERT",
    "skip_tfidf": false,
    "agg": "max_chunk",
    "tfidf_scheme": "augmented",
    "tfidf_ngram": 4,
    "tfidf_top_n": 200,
    "tfidf_min_df": 2,
    "tfidf_max_df": 0.95,
    "alpha": 0.9,
    "chunk_tokens": 256,
    "chunk_stride": 128,
    "encode_batch": 128,
    "batch_size": 32,
    "max_length": 512,
    "citation_beta": 0.0,
    "label": "M_inlegalbert_a09",
    "group": "M"
  },
  "metrics": {
    "model": "",
    "MAP": 0.5824479525168818,
    "MRR": 0.7919456384237541,
    "R-Precision": 0.5432990126941922,
    "n_queries": 234,
    "P@5": 0.5076923076923078,
    "R@5": 0.510149761338176,
    "F1@5": 0.42302315130145074,
    "NDCG@5": 0.6780100178778893,
    "MAP@5": 0.596327160493827,
    "MicroF1@5": 0.40937284631288773,
    "P@6": 0.4793447293447293,
    "R@6": 0.5488122742733257,
    "F1@6": 0.42737189190818065,
    "NDCG@6": 0.6789351871956681,
    "MAP@6": 0.5900379867046535,
    "MicroF1@6": 0.42907236212942296,
    "P@7": 0.4529914529914531,
    "R@7": 0.5855496604945101,
    "F1@7": 0.42783298218636234,
    "NDCG@7": 0.681238609212727,
    "MAP@7": 0.5850439948058997,
    "MicroF1@7": 0.4400948991696323,
    "P@8": 0.42467948717948717,
    "R@8": 0.6059791392859923,
    "F1@8": 0.4197042617442533,
    "NDCG@8": 0.677566754809233,
    "MAP@8": 0.5770320827761303,
    "MicroF1@8": 0.44080953701136677,
    "P@9": 0.3979107312440649,
    "R@9": 0.6258729307580638,
    "F1@9": 0.40983057776711257,
    "NDCG@9": 0.6738761321190337,
    "MAP@9": 0.567994742373049,
    "MicroF1@9": 0.4362311296199896,
    "P@10": 0.37478632478632484,
    "R@10": 0.6411577286500019,
    "F1@10": 0.399581234667788,
    "NDCG@10": 0.6727502278578537,
    "MAP@10": 0.5637317334341143,
    "MicroF1@10": 0.4302182977679666,
    "P@11": 0.3519813519813522,
    "R@11": 0.6513960121069492,
    "F1@11": 0.38734003566702074,
    "NDCG@11": 0.6711664054679234,
    "MAP@11": 0.559849176597012,
    "MicroF1@11": 0.42022263450834885,
    "P@15": 0.28831908831908865,
    "R@15": 0.6918244336894357,
    "F1@15": 0.34969856506597014,
    "NDCG@15": 0.6767138088770253,
    "MAP@15": 0.559155557343123,
    "MicroF1@15": 0.3853769992383853,
    "P@20": 0.23568376068376073,
    "R@20": 0.7255610278402523,
    "F1@20": 0.3093527353480717,
    "NDCG@20": 0.6858061523975444,
    "MAP@20": 0.5632316554914021,
    "MicroF1@20": 0.3432394585343084,
    "_micro_f1": 0.44178938594053907,
    "_micro_k": 8,
    "_micro_f1_curve": [
      0.16726160122386538,
      0.27608200455580867,
      0.3499382461918485,
      0.3845287269996244,
      0.41007939247497416,
      0.4298946023634621,
      0.4410104011887073,
      0.44178938594053907,
      0.43725541351421865,
      0.43127612490779443,
      0.42129737270402234,
      0.41102535832414555,
      0.40301950094359407,
      0.3953627823306017,
      0.3864808096238304,
      0.3776274904039481,
      0.36739702015775644,
      0.35830947971038896,
      0.35120686862141587,
      0.3443109099422506
    ],
    "_elapsed": 1131.8722839355469
  }
}