{
  "config": {
    "model_type": "biencoder",
    "model": "law-ai/InCaseLawBERT",
    "skip_tfidf": false,
    "agg": "max_chunk",
    "tfidf_scheme": "augmented",
    "tfidf_ngram": 4,
    "tfidf_top_n": 200,
    "tfidf_min_df": 2,
    "tfidf_max_df": 0.95,
    "alpha": 0.8,
    "chunk_tokens": 256,
    "chunk_stride": 128,
    "encode_batch": 128,
    "batch_size": 32,
    "max_length": 512,
    "citation_beta": 0.0,
    "label": "M_incaselaw",
    "group": "M"
  },
  "metrics": {
    "model": "",
    "MAP": 0.5620125837580593,
    "MRR": 0.788701380888187,
    "R-Precision": 0.5199355946580331,
    "n_queries": 234,
    "P@5": 0.500854700854701,
    "R@5": 0.5048627535893069,
    "F1@5": 0.4171767820730565,
    "NDCG@5": 0.6704692802487269,
    "MAP@5": 0.5897222222222223,
    "MicroF1@5": 0.4038594073053067,
    "P@6": 0.46153846153846173,
    "R@6": 0.5360553220703442,
    "F1@6": 0.4119589709238804,
    "NDCG@6": 0.6642302688069462,
    "MAP@6": 0.5759734093067423,
    "MicroF1@6": 0.4131335671023271,
    "P@7": 0.42673992673992694,
    "R@7": 0.5640837744655381,
    "F1@7": 0.40528046195631945,
    "NDCG@7": 0.6598429720238275,
    "MAP@7": 0.5646328759424,
    "MicroF1@7": 0.41459074733096085,
    "P@8": 0.39636752136752135,
    "R@8": 0.5822260805531809,
    "F1@8": 0.39472819630476474,
    "NDCG@8": 0.6542729124927845,
    "MAP@8": 0.5544361530224625,
    "MicroF1@8": 0.41142223454394233,
    "P@9": 0.372269705603039,
    "R@9": 0.6006573088599853,
    "F1@9": 0.38688746128019585,
    "NDCG@9": 0.6507013610738578,
    "MAP@9": 0.5461827830214077,
    "MicroF1@9": 0.4081207704320666,
    "P@10": 0.348717948717949,
    "R@10": 0.6123955815549406,
    "F1@10": 0.3755198296599496,
    "NDCG@10": 0.647637126370756,
    "MAP@10": 0.5400581994431203,
    "MicroF1@10": 0.40029433406916853,
    "P@11": 0.32944832944832975,
    "R@11": 0.6267018121300866,
    "F1@11": 0.36522282691685537,
    "NDCG@11": 0.6481667459573063,
    "MAP@11": 0.5369985472546802,
    "MicroF1@11": 0.39332096474953615,
    "P@15": 0.2706552706552709,
    "R@15": 0.6664730130040158,
    "F1@15": 0.3300995678687815,
    "NDCG@15": 0.6542959125682808,
    "MAP@15": 0.5364194599362693,
    "MicroF1@15": 0.3617669459253618,
    "P@20": 0.22264957264957275,
    "R@20": 0.6990133031452584,
    "F1@20": 0.29322442938000143,
    "NDCG@20": 0.6640072307957072,
    "MAP@20": 0.5411465465319037,
    "MicroF1@20": 0.32425704060992694,
    "_micro_f1": 0.4154531946508172,
    "_micro_k": 7,
    "_micro_f1_curve": [
      0.16726160122386538,
      0.2769931662870159,
      0.34252778921366817,
      0.3792714983101764,
      0.4045564376941664,
      0.4139252634940913,
      0.4154531946508172,
      0.41233676021116983,
      0.40907905035220454,
      0.4012785837226457,
      0.3943269007207626,
      0.38544652701212795,
      0.3757601174250367,
      0.37057765340795523,
      0.36280313156387245,
      0.35752147687808444,
      0.34951796669588076,
      0.3421451422798451,
      0.33435930665802693,
      0.3252692367722803
    ],
    "_elapsed": 1315.6404581069946
  }
}