{
  "config": {
    "model_type": "biencoder",
    "model": "nlpaueb/legal-bert-base-uncased",
    "skip_tfidf": false,
    "agg": "max_chunk",
    "tfidf_scheme": "augmented",
    "tfidf_ngram": 4,
    "tfidf_top_n": 200,
    "tfidf_min_df": 2,
    "tfidf_max_df": 0.95,
    "alpha": 0.8,
    "chunk_tokens": 256,
    "chunk_stride": 128,
    "encode_batch": 128,
    "batch_size": 32,
    "max_length": 512,
    "citation_beta": 0.0,
    "label": "M_legalbert",
    "group": "M"
  },
  "metrics": {
    "model": "",
    "MAP": 0.5611288583125826,
    "MRR": 0.7764095585273512,
    "R-Precision": 0.5258950815498599,
    "n_queries": 234,
    "P@5": 0.49059829059829063,
    "R@5": 0.48903035061922295,
    "F1@5": 0.40670195625218547,
    "NDCG@5": 0.6554214854379371,
    "MAP@5": 0.5764707977207972,
    "MicroF1@5": 0.39558924879393526,
    "P@6": 0.46509971509971515,
    "R@6": 0.5339225885640998,
    "F1@6": 0.4147797108395623,
    "NDCG@6": 0.6589404670832061,
    "MAP@6": 0.5711407882241214,
    "MicroF1@6": 0.4163213261077463,
    "P@7": 0.4340659340659342,
    "R@7": 0.5651749717091881,
    "F1@7": 0.4107277838581242,
    "NDCG@7": 0.6574367106400512,
    "MAP@7": 0.5622604269628079,
    "MicroF1@7": 0.42170818505338076,
    "P@8": 0.40705128205128205,
    "R@8": 0.5853571250224505,
    "F1@8": 0.40331775092755245,
    "NDCG@8": 0.6541243283255361,
    "MAP@8": 0.5541921889838555,
    "MicroF1@8": 0.4225117826448572,
    "P@9": 0.38651471984805336,
    "R@9": 0.6064490713785744,
    "F1@9": 0.3982184652032163,
    "NDCG@9": 0.6535507948741605,
    "MAP@9": 0.5495998441716035,
    "MicroF1@9": 0.4237376366475794,
    "P@10": 0.3619658119658121,
    "R@10": 0.6261813161675543,
    "F1@10": 0.3874844596263964,
    "NDCG@10": 0.6524598846122444,
    "MAP@10": 0.5438425219328001,
    "MicroF1@10": 0.4155015943095414,
    "P@11": 0.34110334110334123,
    "R@11": 0.6364878890333739,
    "F1@11": 0.37645123039541506,
    "NDCG@11": 0.6514073900190716,
    "MAP@11": 0.5410796478820471,
    "MicroF1@11": 0.4072356215213358,
    "P@15": 0.2769230769230773,
    "R@15": 0.6711170695567662,
    "F1@15": 0.3362093968146085,
    "NDCG@15": 0.6547732839789574,
    "MAP@15": 0.5379170879401712,
    "MicroF1@15": 0.3701447067783702,
    "P@20": 0.22777777777777775,
    "R@20": 0.7018043406367818,
    "F1@20": 0.2989534827731343,
    "NDCG@20": 0.6639647758467004,
    "MAP@20": 0.5424262323367297,
    "MicroF1@20": 0.3317255329080442,
    "_micro_f1": 0.4247325854422124,
    "_micro_k": 9,
    "_micro_f1_curve": [
      0.16624171341152474,
      0.26788154897494304,
      0.3334705640181144,
      0.37251220428088627,
      0.39627200552295483,
      0.41711913126796546,
      0.42258543833580986,
      0.423450958599611,
      0.4247325854422124,
      0.4165232358003443,
      0.40827714485003486,
      0.3982359426681367,
      0.3912769972740616,
      0.38177093743753754,
      0.3712048882948253,
      0.3644671906415646,
      0.3551270815074496,
      0.3482067688162991,
      0.3392191803013122,
      0.3327610426096457
    ],
    "_elapsed": 1281.3735611438751
  }
}