{
  "config": {
    "model_type": "biencoder",
    "model": "sentence-transformers/all-mpnet-base-v2",
    "skip_tfidf": false,
    "agg": "max_chunk",
    "tfidf_scheme": "augmented",
    "tfidf_ngram": 4,
    "tfidf_top_n": 200,
    "tfidf_min_df": 2,
    "tfidf_max_df": 0.95,
    "alpha": 0.8,
    "chunk_tokens": 256,
    "chunk_stride": 128,
    "encode_batch": 128,
    "batch_size": 32,
    "max_length": 512,
    "citation_beta": 0.0,
    "label": "M_mpnet",
    "group": "M"
  },
  "metrics": {
    "model": "",
    "MAP": 0.5737663452675141,
    "MRR": 0.7948954330180689,
    "R-Precision": 0.5316622710474109,
    "n_queries": 234,
    "P@5": 0.5042735042735044,
    "R@5": 0.5047548085359341,
    "F1@5": 0.41754712147054523,
    "NDCG@5": 0.6783433720726969,
    "MAP@5": 0.5992924976258308,
    "MicroF1@5": 0.40661612680909714,
    "P@6": 0.4686609686609686,
    "R@6": 0.5407683788521432,
    "F1@6": 0.4169143836431233,
    "NDCG@6": 0.6746801002907105,
    "MAP@6": 0.5886989553656219,
    "MicroF1@6": 0.4195090851131654,
    "P@7": 0.4358974358974361,
    "R@7": 0.5652285657768977,
    "F1@7": 0.4103184271518679,
    "NDCG@7": 0.670155931034495,
    "MAP@7": 0.5769453650406033,
    "MicroF1@7": 0.42348754448398573,
    "P@8": 0.405982905982906,
    "R@8": 0.5849835894438575,
    "F1@8": 0.40050937516214963,
    "NDCG@8": 0.665363265618118,
    "MAP@8": 0.5670611602903272,
    "MicroF1@8": 0.42140282783476574,
    "P@9": 0.3812915479582149,
    "R@9": 0.6029201811734873,
    "F1@9": 0.3919005755141895,
    "NDCG@9": 0.6618196714032093,
    "MAP@9": 0.5583461463091094,
    "MicroF1@9": 0.418011452368558,
    "P@10": 0.36068376068376085,
    "R@10": 0.6190562293522799,
    "F1@10": 0.3841637157908064,
    "NDCG@10": 0.6612768675723749,
    "MAP@10": 0.5535285993156365,
    "MicroF1@10": 0.41402992396369875,
    "P@11": 0.34265734265734293,
    "R@11": 0.6324151607782178,
    "F1@11": 0.37612048963253925,
    "NDCG@11": 0.6621837993759397,
    "MAP@11": 0.5526166675324926,
    "MicroF1@11": 0.4090909090909091,
    "P@15": 0.27777777777777807,
    "R@15": 0.6692018411510989,
    "F1@15": 0.3366960873949838,
    "NDCG@15": 0.665631928165916,
    "MAP@15": 0.550413050398875,
    "MicroF1@15": 0.37128712871287123,
    "P@20": 0.22585470085470102,
    "R@20": 0.6973892979857154,
    "F1@20": 0.29661201524564956,
    "NDCG@20": 0.672675591671644,
    "MAP@20": 0.5528503081535799,
    "MicroF1@20": 0.3289248482962502,
    "_micro_f1": 0.424368499257058,
    "_micro_k": 7,
    "_micro_f1_curve": [
      0.17032126466088726,
      0.27517084282460136,
      0.3474680938657884,
      0.38603079233946674,
      0.4073179150845702,
      0.42031299904183966,
      0.424368499257058,
      0.42233953876076685,
      0.4189929559092095,
      0.41504794688959923,
      0.4101371774006045,
      0.4039691289966924,
      0.39421262319144473,
      0.3841694983010194,
      0.3723505823945007,
      0.3644671906415646,
      0.3544259421560035,
      0.345512712577875,
      0.33759922242021706,
      0.32995161542063367
    ],
    "_elapsed": 1173.977599143982
  }
}