{
  "config": {
    "model_type": "biencoder",
    "model": "sentence-transformers/multi-qa-MiniLM-L6-cos-v1",
    "skip_tfidf": false,
    "agg": "max_chunk",
    "tfidf_scheme": "augmented",
    "tfidf_ngram": 4,
    "tfidf_top_n": 200,
    "tfidf_min_df": 2,
    "tfidf_max_df": 0.95,
    "alpha": 0.8,
    "chunk_tokens": 256,
    "chunk_stride": 128,
    "encode_batch": 128,
    "batch_size": 32,
    "max_length": 512,
    "citation_beta": 0.0,
    "label": "M_multiqa",
    "group": "M"
  },
  "metrics": {
    "model": "",
    "MAP": 0.5529470029255934,
    "MRR": 0.766659379505032,
    "R-Precision": 0.505819349101644,
    "n_queries": 234,
    "P@5": 0.5008547008547007,
    "R@5": 0.4964830953715229,
    "F1@5": 0.41463867504367136,
    "NDCG@5": 0.6572613629461919,
    "MAP@5": 0.5760849952516613,
    "MicroF1@5": 0.4038594073053067,
    "P@6": 0.4643874643874644,
    "R@6": 0.5275741537989438,
    "F1@6": 0.4114592006010146,
    "NDCG@6": 0.6519163973786831,
    "MAP@6": 0.5632834757834758,
    "MicroF1@6": 0.41568377430666237,
    "P@7": 0.4291819291819294,
    "R@7": 0.5509500635482032,
    "F1@7": 0.40309512116952906,
    "NDCG@7": 0.6459378067700678,
    "MAP@7": 0.5501581971820064,
    "MicroF1@7": 0.41696322657176754,
    "P@8": 0.4027777777777778,
    "R@8": 0.5712223680799468,
    "F1@8": 0.39617904447793933,
    "NDCG@8": 0.6424164472894843,
    "MAP@8": 0.5419222532317768,
    "MicroF1@8": 0.4180759634044913,
    "P@9": 0.3784425451092121,
    "R@9": 0.5945100258794681,
    "F1@9": 0.38924126581942575,
    "NDCG@9": 0.6400531783892632,
    "MAP@9": 0.5336912117252723,
    "MicroF1@9": 0.4148880791254555,
    "P@10": 0.3564102564102564,
    "R@10": 0.6094619240122101,
    "F1@10": 0.38026721560034155,
    "NDCG@10": 0.6384795106671259,
    "MAP@10": 0.5288764534382919,
    "MicroF1@10": 0.40912435614422366,
    "P@11": 0.3360528360528362,
    "R@11": 0.623909504443464,
    "F1@11": 0.37082951451821433,
    "NDCG@11": 0.6385885712735396,
    "MAP@11": 0.5259984910527536,
    "MicroF1@11": 0.4012059369202226,
    "P@15": 0.27920227920227947,
    "R@15": 0.6734977793469639,
    "F1@15": 0.33885274217583544,
    "NDCG@15": 0.648594940312536,
    "MAP@15": 0.528342907963112,
    "MicroF1@15": 0.3731911652703732,
    "P@20": 0.22820512820512834,
    "R@20": 0.7065501662617087,
    "F1@20": 0.30060197590578547,
    "NDCG@20": 0.6577610253651656,
    "MAP@20": 0.5324939565958422,
    "MicroF1@20": 0.33234790726622065,
    "_micro_f1": 0.4190052792442345,
    "_micro_k": 8,
    "_micro_f1_curve": [
      0.16420193778684344,
      0.26697038724373573,
      0.33429394812680113,
      0.382275628989861,
      0.4045564376941664,
      0.41648035771319064,
      0.41783060921248144,
      0.4190052792442345,
      0.41586224889120793,
      0.4101303171871158,
      0.4022320390606835,
      0.3960308710033076,
      0.3862444957014049,
      0.38057165700579654,
      0.37426007256062627,
      0.367391701699872,
      0.35863277826468004,
      0.349217039905708,
      0.3401911550299692,
      0.3333853597627595
    ],
    "_elapsed": 323.0784330368042
  }
}