{
  "config": {
    "model_type": "biencoder",
    "model": "sentence-transformers/all-roberta-large-v1",
    "skip_tfidf": false,
    "agg": "max_chunk",
    "tfidf_scheme": "augmented",
    "tfidf_ngram": 4,
    "tfidf_top_n": 200,
    "tfidf_min_df": 2,
    "tfidf_max_df": 0.95,
    "alpha": 0.8,
    "chunk_tokens": 256,
    "chunk_stride": 128,
    "encode_batch": 128,
    "batch_size": 32,
    "max_length": 512,
    "citation_beta": 0.0,
    "label": "M_roberta",
    "group": "M"
  },
  "metrics": {
    "model": "",
    "MAP": 0.5742434087044972,
    "MRR": 0.7874665055419404,
    "R-Precision": 0.5355408387599101,
    "n_queries": 234,
    "P@5": 0.5068376068376069,
    "R@5": 0.5073702970813413,
    "F1@5": 0.419503933721475,
    "NDCG@5": 0.672867556646667,
    "MAP@5": 0.5901614434947766,
    "MicroF1@5": 0.40868366643694,
    "P@6": 0.47792022792022804,
    "R@6": 0.5548730668293802,
    "F1@6": 0.4263070636620368,
    "NDCG@6": 0.6758746436867691,
    "MAP@6": 0.5846248812915483,
    "MicroF1@6": 0.4277972585272554,
    "P@7": 0.4420024420024422,
    "R@7": 0.5785542295247201,
    "F1@7": 0.41807662736376044,
    "NDCG@7": 0.670042140523582,
    "MAP@7": 0.5713775025679788,
    "MicroF1@7": 0.4294187425860024,
    "P@8": 0.4155982905982906,
    "R@8": 0.6030498532848441,
    "F1@8": 0.4118042023387979,
    "NDCG@8": 0.6683181036758514,
    "MAP@8": 0.5646197513905848,
    "MicroF1@8": 0.43138342112558914,
    "P@9": 0.38936372269705605,
    "R@9": 0.6180309687112964,
    "F1@9": 0.40090425917522626,
    "NDCG@9": 0.6636529205327876,
    "MAP@9": 0.5564833233467492,
    "MicroF1@9": 0.42686100989068193,
    "P@10": 0.37051282051282075,
    "R@10": 0.6386455487833921,
    "F1@10": 0.39518840591752286,
    "NDCG@10": 0.6654212964187449,
    "MAP@10": 0.5550620628514149,
    "MicroF1@10": 0.4253127299484916,
    "P@11": 0.350815850815851,
    "R@11": 0.651340328359281,
    "F1@11": 0.38557950974490834,
    "NDCG@11": 0.6657564041988069,
    "MAP@11": 0.5529984628711482,
    "MicroF1@11": 0.41883116883116883,
    "P@15": 0.286609686609687,
    "R@15": 0.6896695613529582,
    "F1@15": 0.3473604439019616,
    "NDCG@15": 0.670464022746132,
    "MAP@15": 0.5518726811588428,
    "MicroF1@15": 0.38309215536938307,
    "P@20": 0.23205128205128206,
    "R@20": 0.7178443387219597,
    "F1@20": 0.30496418919166957,
    "NDCG@20": 0.6771559669701318,
    "MAP@20": 0.5537323521948595,
    "MicroF1@20": 0.33794927648980866,
    "_micro_f1": 0.43234231731036404,
    "_micro_k": 8,
    "_micro_f1_curve": [
      0.16624171341152474,
      0.27517084282460136,
      0.3392342527789214,
      0.38527975966954564,
      0.40938902312737313,
      0.42861705525391247,
      0.4303120356612184,
      0.43234231731036404,
      0.42786329246021393,
      0.4263584952053111,
      0.4199023482910951,
      0.41499448732083793,
      0.40511637659886773,
      0.394963022186688,
      0.3841894214244797,
      0.3743374154633522,
      0.36424189307624893,
      0.355278666442162,
      0.3473189697067876,
      0.3390042141407835
    ],
    "_elapsed": 3683.3812296390533
  }
}