{
  "config": {
    "model_type": "biencoder",
    "model": "sentence-transformers/all-roberta-large-v1",
    "skip_tfidf": false,
    "agg": "max_chunk",
    "tfidf_scheme": "augmented",
    "tfidf_ngram": 4,
    "tfidf_top_n": 200,
    "tfidf_min_df": 2,
    "tfidf_max_df": 0.95,
    "alpha": 0.9,
    "chunk_tokens": 256,
    "chunk_stride": 128,
    "encode_batch": 128,
    "batch_size": 32,
    "max_length": 512,
    "citation_beta": 0.0,
    "label": "M_roberta_a09",
    "group": "M"
  },
  "metrics": {
    "model": "",
    "MAP": 0.5903506123930297,
    "MRR": 0.7921402204356585,
    "R-Precision": 0.5454894221833251,
    "n_queries": 234,
    "P@5": 0.5153846153846154,
    "R@5": 0.5159747959311022,
    "F1@5": 0.42738648327069123,
    "NDCG@5": 0.6838452786262741,
    "MAP@5": 0.6036490978157645,
    "MicroF1@5": 0.4155754651964162,
    "P@6": 0.4886039886039886,
    "R@6": 0.5617383439301645,
    "F1@6": 0.4357832136063959,
    "NDCG@6": 0.6872946115880705,
    "MAP@6": 0.5988342830009502,
    "MicroF1@6": 0.4373605355435129,
    "P@7": 0.45115995115995117,
    "R@7": 0.5859058937674102,
    "F1@7": 0.4256116601767669,
    "NDCG@7": 0.6813875820347771,
    "MAP@7": 0.586214363238173,
    "MicroF1@7": 0.43831553973902726,
    "P@8": 0.42467948717948717,
    "R@8": 0.6115491865227064,
    "F1@8": 0.42023308201083714,
    "NDCG@8": 0.6798871082825679,
    "MAP@8": 0.5793150704013801,
    "MicroF1@8": 0.44080953701136677,
    "P@9": 0.40360873694207045,
    "R@9": 0.6359354882183798,
    "F1@9": 0.4157672229240386,
    "NDCG@9": 0.6800556892408275,
    "MAP@9": 0.5755649903202813,
    "MicroF1@9": 0.4424778761061947,
    "P@10": 0.3816239316239317,
    "R@10": 0.6536564537035225,
    "F1@10": 0.4074518023470596,
    "NDCG@10": 0.6801137318886465,
    "MAP@10": 0.5727819366113017,
    "MicroF1@10": 0.4380672062791268,
    "P@11": 0.36324786324786357,
    "R@11": 0.6747183298318886,
    "F1@11": 0.40062142083356417,
    "NDCG@11": 0.6834073003961335,
    "MAP@11": 0.5721645994030554,
    "MicroF1@11": 0.4336734693877551,
    "P@15": 0.29629629629629656,
    "R@15": 0.7105890557707363,
    "F1@15": 0.35909119254604555,
    "NDCG@15": 0.6873150441075044,
    "MAP@15": 0.5708338964385161,
    "MicroF1@15": 0.396039603960396,
    "P@20": 0.2397435897435898,
    "R@20": 0.7365733674779792,
    "F1@20": 0.31477364800658647,
    "NDCG@20": 0.6932806464373971,
    "MAP@20": 0.572664336126057,
    "MicroF1@20": 0.3491520149369846,
    "_micro_f1": 0.44351682755022176,
    "_micro_k": 9,
    "_micro_f1_curve": [
      0.16828148903620602,
      0.27790432801822323,
      0.3491148620831618,
      0.3912880210289148,
      0.4162927166033828,
      0.43819865857553497,
      0.43922734026745913,
      0.44178938594053907,
      0.44351682755022176,
      0.43914433243176787,
      0.43478260869565216,
      0.42601984564498346,
      0.41727825539945484,
      0.4073555866480112,
      0.397173954554134,
      0.3864010235788704,
      0.3758106923751096,
      0.3660548913958579,
      0.3563907338409202,
      0.3502419228968316
    ],
    "_elapsed": 3136.6724076271057
  }
}