{
  "config": {
    "model_type": "biencoder",
    "model": "sentence-transformers/paraphrase-MiniLM-L6-v2",
    "skip_tfidf": false,
    "agg": "max_chunk",
    "tfidf_scheme": "augmented",
    "tfidf_ngram": 4,
    "tfidf_top_n": 200,
    "tfidf_min_df": 2,
    "tfidf_max_df": 0.95,
    "alpha": 0.8,
    "chunk_tokens": 256,
    "chunk_stride": 128,
    "encode_batch": 128,
    "batch_size": 32,
    "max_length": 512,
    "citation_beta": 0.0,
    "label": "M_sbert_para",
    "group": "M"
  },
  "metrics": {
    "model": "",
    "MAP": 0.5248529668215903,
    "MRR": 0.7665077680906385,
    "R-Precision": 0.4797559295189221,
    "n_queries": 234,
    "P@5": 0.4794871794871797,
    "R@5": 0.47915299032519587,
    "F1@5": 0.39450013599487577,
    "NDCG@5": 0.6387047795530986,
    "MAP@5": 0.5540930674264006,
    "MicroF1@5": 0.3866299104066161,
    "P@6": 0.4415954415954415,
    "R@6": 0.5061759155340261,
    "F1@6": 0.3896041351736909,
    "NDCG@6": 0.6310974093240491,
    "MAP@6": 0.5399715099715099,
    "MicroF1@6": 0.3952821166719796,
    "P@7": 0.40781440781440786,
    "R@7": 0.5312836644636446,
    "F1@7": 0.38243155742063784,
    "NDCG@7": 0.6257088303735489,
    "MAP@7": 0.5279022520689187,
    "MicroF1@7": 0.3962040332147093,
    "P@8": 0.3798076923076923,
    "R@8": 0.5470923609145985,
    "F1@8": 0.37293084490977796,
    "NDCG@8": 0.6199262999172496,
    "MAP@8": 0.5170343418706514,
    "MicroF1@8": 0.3942334349875243,
    "P@9": 0.35232668566001935,
    "R@9": 0.5614204966395354,
    "F1@9": 0.3619056708283069,
    "NDCG@9": 0.6135178467021328,
    "MAP@9": 0.5048358472068788,
    "MicroF1@9": 0.3862571577303488,
    "P@10": 0.3324786324786325,
    "R@10": 0.5777671797618668,
    "F1@10": 0.354603242006011,
    "NDCG@10": 0.6127978242220373,
    "MAP@10": 0.5010923290652125,
    "MicroF1@10": 0.38165317635516305,
    "P@11": 0.3162393162393165,
    "R@11": 0.5918723235593253,
    "F1@11": 0.3478333781222716,
    "NDCG@11": 0.6140741062838323,
    "MAP@11": 0.49901524509418926,
    "MicroF1@11": 0.3775510204081633,
    "P@15": 0.26011396011396043,
    "R@15": 0.6406220489689552,
    "F1@15": 0.31657647368716635,
    "NDCG@15": 0.6224531157171642,
    "MAP@15": 0.4983252710255106,
    "MicroF1@15": 0.34767707539984766,
    "P@20": 0.2164529914529916,
    "R@20": 0.6831042307337003,
    "F1@20": 0.28508478732792236,
    "NDCG@20": 0.6352055127271606,
    "MAP@20": 0.504123261776791,
    "MicroF1@20": 0.31523261241636846,
    "_micro_f1": 0.39702823179791974,
    "_micro_k": 7,
    "_micro_f1_curve": [
      0.16318204997450284,
      0.25785876993166285,
      0.32358995471387403,
      0.36049568156214795,
      0.38729720400414225,
      0.39603960396039606,
      0.39702823179791974,
      0.3951097527090858,
      0.3871641012261936,
      0.38259159085320876,
      0.3785166240409207,
      0.3708930540242558,
      0.3623401132312854,
      0.3561862882270637,
      0.3486729043345427,
      0.3414366660573936,
      0.3361963190184049,
      0.3306954032665432,
      0.3233435930665803,
      0.31621663805213046
    ],
    "_elapsed": 186.56653785705566
  }
}