{
  "config": {
    "model_type": "biencoder",
    "model": "law-ai/InLegalBERT",
    "skip_tfidf": false,
    "agg": "sum_top3",
    "tfidf_scheme": "augmented",
    "tfidf_ngram": 4,
    "tfidf_top_n": 200,
    "tfidf_min_df": 2,
    "tfidf_max_df": 0.95,
    "alpha": 0.8,
    "chunk_tokens": 256,
    "chunk_stride": 128,
    "encode_batch": 128,
    "batch_size": 32,
    "max_length": 512,
    "citation_beta": 0.0,
    "label": "S_inlegal_sum_top3",
    "group": "S"
  },
  "metrics": {
    "model": "",
    "MAP": 0.5735800323388179,
    "MRR": 0.79136306425209,
    "R-Precision": 0.5448185363694187,
    "n_queries": 234,
    "P@5": 0.5076923076923078,
    "R@5": 0.5139118861529323,
    "F1@5": 0.42408782736612693,
    "NDCG@5": 0.6778243257807164,
    "MAP@5": 0.593887701804368,
    "MicroF1@5": 0.40937284631288773,
    "P@6": 0.4722222222222222,
    "R@6": 0.5442550123631226,
    "F1@6": 0.42149172095980847,
    "NDCG@6": 0.6736578167904962,
    "MAP@6": 0.5827196106362773,
    "MicroF1@6": 0.4226968441185846,
    "P@7": 0.44261294261294265,
    "R@7": 0.576669789497205,
    "F1@7": 0.41895077586366347,
    "NDCG@7": 0.6734265403660394,
    "MAP@7": 0.576483056185437,
    "MicroF1@7": 0.43001186239620404,
    "P@8": 0.41346153846153844,
    "R@8": 0.5959669592397118,
    "F1@8": 0.4095827210294092,
    "NDCG@8": 0.669233423707062,
    "MAP@8": 0.5679607583774251,
    "MicroF1@8": 0.42916551150540616,
    "P@9": 0.388888888888889,
    "R@9": 0.6181332802488053,
    "F1@9": 0.4013098768724338,
    "NDCG@9": 0.667206019063803,
    "MAP@9": 0.5613602386982017,
    "MicroF1@9": 0.42634044768349816,
    "P@10": 0.3662393162393162,
    "R@10": 0.6341511960735812,
    "F1@10": 0.3916358453340361,
    "NDCG@10": 0.6662519323662025,
    "MAP@10": 0.5570401366466179,
    "MicroF1@10": 0.4204071621290164,
    "P@11": 0.34343434343434365,
    "R@11": 0.6439171274321603,
    "F1@11": 0.3790797364824128,
    "NDCG@11": 0.6644046105512104,
    "MAP@11": 0.5529055492923337,
    "MicroF1@11": 0.4100185528756958,
    "P@15": 0.2800569800569804,
    "R@15": 0.6810206053963241,
    "F1@15": 0.3406840270445353,
    "NDCG@15": 0.6688470748864896,
    "MAP@15": 0.5512148100843522,
    "MicroF1@15": 0.3743335872048743,
    "P@20": 0.22820512820512825,
    "R@20": 0.7130601615813826,
    "F1@20": 0.3007248283452921,
    "NDCG@20": 0.6770879106364766,
    "MAP@20": 0.5543149338305267,
    "MicroF1@20": 0.33234790726622065,
    "_micro_f1": 0.4309063893016345,
    "_micro_k": 7,
    "_micro_f1_curve": [
      0.16624171341152474,
      0.2724373576309795,
      0.3474680938657884,
      0.3807735636500188,
      0.41007939247497416,
      0.42350686681571387,
      0.4309063893016345,
      0.4301194776326758,
      0.4273415079572137,
      0.42144086550282767,
      0.41106719367588934,
      0.40264608599779494,
      0.39337387292933534,
      0.38376973815710574,
      0.3754057666603016,
      0.3670261378175837,
      0.35758106923751093,
      0.349217039905708,
      0.3411631297586263,
      0.3333853597627595
    ],
    "_elapsed": 1061.1696679592133
  }
}