{
  "config": {
    "model_type": "biencoder",
    "model": "sentence-transformers/all-MiniLM-L6-v2",
    "skip_tfidf": false,
    "agg": "sum_top5",
    "tfidf_scheme": "augmented",
    "tfidf_ngram": 4,
    "tfidf_top_n": 200,
    "tfidf_min_df": 2,
    "tfidf_max_df": 0.95,
    "alpha": 0.8,
    "chunk_tokens": 256,
    "chunk_stride": 128,
    "encode_batch": 128,
    "batch_size": 32,
    "max_length": 512,
    "citation_beta": 0.0,
    "label": "S_sum_top5",
    "group": "S"
  },
  "metrics": {
    "model": "",
    "MAP": 0.5703995995629831,
    "MRR": 0.7909010231372547,
    "R-Precision": 0.5249344851454623,
    "n_queries": 234,
    "P@5": 0.5085470085470083,
    "R@5": 0.5026574209959161,
    "F1@5": 0.4198511011739057,
    "NDCG@5": 0.6743182094588898,
    "MAP@5": 0.5930792972459636,
    "MicroF1@5": 0.41006202618883525,
    "P@6": 0.472934472934473,
    "R@6": 0.5403151420018474,
    "F1@6": 0.4212390553172934,
    "NDCG@6": 0.6706549367272708,
    "MAP@6": 0.580372744539411,
    "MicroF1@6": 0.4233343959196685,
    "P@7": 0.43772893772893784,
    "R@7": 0.5642746860973639,
    "F1@7": 0.4115332773053483,
    "NDCG@7": 0.6654724906245968,
    "MAP@7": 0.5695380545380544,
    "MicroF1@7": 0.42526690391459077,
    "P@8": 0.4097222222222222,
    "R@8": 0.5868950542963345,
    "F1@8": 0.40470101280964316,
    "NDCG@8": 0.6619603076417026,
    "MAP@8": 0.559369767137624,
    "MicroF1@8": 0.425284169670086,
    "P@9": 0.38746438746438755,
    "R@9": 0.614995108296212,
    "F1@9": 0.3999300306170521,
    "NDCG@9": 0.6619516666265395,
    "MAP@9": 0.5533534626259492,
    "MicroF1@9": 0.42477876106194695,
    "P@10": 0.36239316239316244,
    "R@10": 0.6295930606727095,
    "F1@10": 0.38823256365929937,
    "NDCG@10": 0.6594193645773596,
    "MAP@10": 0.547109284992883,
    "MicroF1@10": 0.41599215109148885,
    "P@11": 0.34421134421134447,
    "R@11": 0.6503786826087962,
    "F1@11": 0.3801583644876698,
    "NDCG@11": 0.6622862477150542,
    "MAP@11": 0.5466915545751526,
    "MicroF1@11": 0.4109461966604824,
    "P@15": 0.2854700854700858,
    "R@15": 0.6974627188249318,
    "F1@15": 0.3471364281067132,
    "NDCG@15": 0.6715983520016191,
    "MAP@15": 0.5489151573687784,
    "MicroF1@15": 0.3815689261233815,
    "P@20": 0.23269230769230775,
    "R@20": 0.7295767324336085,
    "F1@20": 0.30657755485061045,
    "NDCG@20": 0.6800504085598086,
    "MAP@20": 0.5521933105896747,
    "MicroF1@20": 0.3388828380270733,
    "_micro_f1": 0.4262295081967213,
    "_micro_k": 8,
    "_micro_f1_curve": [
      0.16828148903620602,
      0.2733485193621868,
      0.34499794153972824,
      0.38527975966954564,
      0.4107697618225751,
      0.4241456403704887,
      0.4261515601783061,
      0.4262295081967213,
      0.4257761544482129,
      0.41701499877059256,
      0.41199720995117417,
      0.40264608599779494,
      0.3963094988467184,
      0.3893663801718968,
      0.38266182929157916,
      0.37360628769877535,
      0.3652936021034181,
      0.35662569456137394,
      0.34829094443544467,
      0.33994068987045417
    ],
    "_elapsed": 263.016722202301
  }
}