{
  "config": {
    "model_type": "biencoder",
    "model": "sentence-transformers/all-MiniLM-L6-v2",
    "skip_tfidf": false,
    "agg": "sum_top3",
    "tfidf_scheme": "augmented",
    "tfidf_ngram": 4,
    "tfidf_top_n": 200,
    "tfidf_min_df": 2,
    "tfidf_max_df": 0.95,
    "alpha": 0.8,
    "chunk_tokens": 256,
    "chunk_stride": 128,
    "encode_batch": 128,
    "batch_size": 32,
    "max_length": 512,
    "citation_beta": 0.0,
    "label": "S_sum_top3",
    "group": "S"
  },
  "metrics": {
    "model": "",
    "MAP": 0.5730519652018989,
    "MRR": 0.7891244816639935,
    "R-Precision": 0.5293333056723702,
    "n_queries": 234,
    "P@5": 0.5085470085470085,
    "R@5": 0.5018535951920905,
    "F1@5": 0.41965790655234475,
    "NDCG@5": 0.6727885506633453,
    "MAP@5": 0.5929890788224117,
    "MicroF1@5": 0.41006202618883525,
    "P@6": 0.4729344729344729,
    "R@6": 0.5370533130537439,
    "F1@6": 0.41989363412030606,
    "NDCG@6": 0.6686969818416824,
    "MAP@6": 0.5801210826210826,
    "MicroF1@6": 0.4233343959196685,
    "P@7": 0.4383394383394386,
    "R@7": 0.5603229914593947,
    "F1@7": 0.41193655659745027,
    "NDCG@7": 0.6631542669190591,
    "MAP@7": 0.5693033509700177,
    "MicroF1@7": 0.4258600237247924,
    "P@8": 0.41185897435897434,
    "R@8": 0.5900559366238838,
    "F1@8": 0.40718960596479425,
    "NDCG@8": 0.6623942859204682,
    "MAP@8": 0.5606490505746458,
    "MicroF1@8": 0.42750207929026895,
    "P@9": 0.38841405508072185,
    "R@9": 0.6174824434812345,
    "F1@9": 0.40031298800852333,
    "NDCG@9": 0.6618341472968318,
    "MAP@9": 0.5545491084214629,
    "MicroF1@9": 0.42581988547631444,
    "P@10": 0.3696581196581197,
    "R@10": 0.6390290352016182,
    "F1@10": 0.3951978678073266,
    "NDCG@10": 0.6636004200123825,
    "MAP@10": 0.5514405109147176,
    "MicroF1@10": 0.4243316163845965,
    "P@11": 0.3492618492618496,
    "R@11": 0.6573071669202235,
    "F1@11": 0.38593299324745545,
    "NDCG@11": 0.6650962567779342,
    "MAP@11": 0.5492661084372849,
    "MicroF1@11": 0.41697588126159557,
    "P@15": 0.2849002849002852,
    "R@15": 0.6940091256565807,
    "F1@15": 0.3462331520147585,
    "NDCG@15": 0.6695855616809402,
    "MAP@15": 0.5483804947535345,
    "MicroF1@15": 0.3808073115003808,
    "P@20": 0.23547008547008555,
    "R@20": 0.7350269828727107,
    "F1@20": 0.31008098249618715,
    "NDCG@20": 0.6819176883017025,
    "MAP@20": 0.5546007916869531,
    "MicroF1@20": 0.3429282713552202,
    "_micro_f1": 0.42845234787440956,
    "_micro_k": 8,
    "_micro_f1_curve": [
      0.16726160122386538,
      0.2724373576309795,
      0.3474680938657884,
      0.3815245963199399,
      0.4107697618225751,
      0.4241456403704887,
      0.4267459138187221,
      0.42845234787440956,
      0.4268197234542134,
      0.42537496926481433,
      0.4180423157405254,
      0.4083792723263506,
      0.3967288739777731,
      0.39056566060363784,
      0.38189803322512883,
      0.3754341071102175,
      0.36599474145486416,
      0.35965650782960096,
      0.35282682650251096,
      0.34399875136569374
    ],
    "_elapsed": 262.7737510204315
  }
}