{
  "config": {
    "model_type": "biencoder",
    "model": "law-ai/InLegalBERT",
    "skip_tfidf": true,
    "agg": "max_chunk",
    "tfidf_scheme": "log",
    "tfidf_ngram": 4,
    "tfidf_top_n": 200,
    "tfidf_min_df": 2,
    "tfidf_max_df": 0.95,
    "alpha": 0.8,
    "chunk_tokens": 256,
    "chunk_stride": 128,
    "encode_batch": 128,
    "batch_size": 32,
    "max_length": 512,
    "citation_beta": 0.0,
    "label": "T_inlegalbert",
    "group": "T"
  },
  "metrics": {
    "model": "",
    "MAP": 0.33245638531218646,
    "MRR": 0.6043329184544595,
    "R-Precision": 0.3075526270375744,
    "n_queries": 234,
    "P@5": 0.3350427350427356,
    "R@5": 0.31972452301446896,
    "F1@5": 0.26619129761611066,
    "NDCG@5": 0.43497665264804325,
    "MAP@5": 0.34156101614434975,
    "MicroF1@5": 0.27015851137146796,
    "P@6": 0.31267806267806264,
    "R@6": 0.33720190648461,
    "F1@6": 0.26481425123878805,
    "NDCG@6": 0.42995202335581956,
    "MAP@6": 0.3321616809116811,
    "MicroF1@6": 0.27988524067580495,
    "P@7": 0.2905982905982909,
    "R@7": 0.35827854139426296,
    "F1@7": 0.2631053252610647,
    "NDCG@7": 0.4262994763145027,
    "MAP@7": 0.3219350688993548,
    "MicroF1@7": 0.2823250296559905,
    "P@8": 0.2777777777777778,
    "R@8": 0.38317082145309195,
    "F1@8": 0.2649298467428464,
    "NDCG@8": 0.42776832275017285,
    "MAP@8": 0.3171410038374324,
    "MicroF1@8": 0.2883282506237871,
    "P@9": 0.26115859449192813,
    "R@9": 0.3936205687360549,
    "F1@9": 0.259500720925176,
    "NDCG@9": 0.42381253989071727,
    "MAP@9": 0.31028090363242494,
    "MicroF1@9": 0.2863092139510671,
    "P@10": 0.25042735042735076,
    "R@10": 0.4092473857200123,
    "F1@10": 0.2582188859101607,
    "NDCG@10": 0.42539964008682013,
    "MAP@10": 0.3086638495616671,
    "MicroF1@10": 0.2874662742212411,
    "P@11": 0.2385392385392388,
    "R@11": 0.42195566912350724,
    "F1@11": 0.25442543141097346,
    "NDCG@11": 0.42641260635479045,
    "MAP@11": 0.30699552209788483,
    "MicroF1@11": 0.2847866419294991,
    "P@15": 0.1968660968660969,
    "R@15": 0.4590992074436315,
    "F1@15": 0.23327561840597902,
    "NDCG@15": 0.4317250356706139,
    "MAP@15": 0.30359194135814144,
    "MicroF1@15": 0.26313785224676317,
    "P@20": 0.16794871794871805,
    "R@20": 0.511200494186448,
    "F1@20": 0.21717412758433616,
    "NDCG@20": 0.44755778511707106,
    "MAP@20": 0.3086436057186079,
    "MicroF1@20": 0.24459312276334214,
    "_micro_f1": 0.28896915809947205,
    "_micro_k": 8,
    "_micro_f1_curve": [
      0.11524732279449261,
      0.18132118451025056,
      0.22725401399752987,
      0.2553511077731881,
      0.27062478425957887,
      0.2804215905461514,
      0.2829123328380387,
      0.28896915809947205,
      0.28698147665014345,
      0.2881731005655274,
      0.28551499651243895,
      0.27783902976846747,
      0.2738519605787377,
      0.26903857685388766,
      0.2638915409585641,
      0.26101261195393893,
      0.25836985100788784,
      0.25492507156086885,
      0.2507694799935202,
      0.24535664117371622
    ],
    "_elapsed": 1179.308315038681
  }
}