{
  "config": {
    "model_type": "biencoder",
    "model": "law-ai/InCaseLawBERT",
    "skip_tfidf": true,
    "agg": "max_chunk",
    "tfidf_scheme": "log",
    "tfidf_ngram": 4,
    "tfidf_top_n": 200,
    "tfidf_min_df": 2,
    "tfidf_max_df": 0.95,
    "alpha": 0.8,
    "chunk_tokens": 256,
    "chunk_stride": 128,
    "encode_batch": 128,
    "batch_size": 32,
    "max_length": 512,
    "citation_beta": 0.0,
    "label": "T_incaselaw",
    "group": "T"
  },
  "metrics": {
    "model": "",
    "MAP": 0.35275759993224914,
    "MRR": 0.6233042112506343,
    "R-Precision": 0.3188105885058843,
    "n_queries": 234,
    "P@5": 0.3358974358974361,
    "R@5": 0.30678383329524944,
    "F1@5": 0.2637269479306317,
    "NDCG@5": 0.4448274797126656,
    "MAP@5": 0.3588259734093067,
    "MicroF1@5": 0.27084769124741553,
    "P@6": 0.30840455840455816,
    "R@6": 0.3277449013204273,
    "F1@6": 0.2625276675130363,
    "NDCG@6": 0.4367659636032013,
    "MAP@6": 0.3440942545109211,
    "MicroF1@6": 0.27605992986930183,
    "P@7": 0.29365079365079383,
    "R@7": 0.3576458763879514,
    "F1@7": 0.2675916220319721,
    "NDCG@7": 0.43841781849116895,
    "MAP@7": 0.33814550749074573,
    "MicroF1@7": 0.2852906287069988,
    "P@8": 0.2761752136752137,
    "R@8": 0.3738730933744827,
    "F1@8": 0.2647928638129287,
    "NDCG@8": 0.435648501105468,
    "MAP@8": 0.33073973535283063,
    "MicroF1@8": 0.2866648184086498,
    "P@9": 0.2663817663817665,
    "R@9": 0.3997594905476252,
    "F1@9": 0.2678660486590223,
    "NDCG@9": 0.43897994086750636,
    "MAP@9": 0.32809027575892663,
    "MicroF1@9": 0.2920353982300885,
    "P@10": 0.25384615384615394,
    "R@10": 0.41532093050638336,
    "F1@10": 0.2653642527139123,
    "NDCG@10": 0.4399746377605341,
    "MAP@10": 0.3252134235302227,
    "MicroF1@10": 0.2913907284768212,
    "P@11": 0.2412587412587415,
    "R@11": 0.4338989263310419,
    "F1@11": 0.2615755058230472,
    "NDCG@11": 0.4424395836186786,
    "MAP@11": 0.32346691246552967,
    "MicroF1@11": 0.2880333951762523,
    "P@15": 0.20199430199430202,
    "R@15": 0.4874039873971054,
    "F1@15": 0.24354344835882713,
    "NDCG@15": 0.45367902581455616,
    "MAP@15": 0.3241701808601666,
    "MicroF1@15": 0.26999238385377,
    "P@20": 0.1694444444444446,
    "R@20": 0.536674912423498,
    "F1@20": 0.2222366096855576,
    "NDCG@20": 0.4679681717181793,
    "MAP@20": 0.32919562450252293,
    "MicroF1@20": 0.24677143301695967,
    "_micro_f1": 0.2927211061831463,
    "_micro_k": 9,
    "_micro_f1_curve": [
      0.12442631310555842,
      0.19134396355353073,
      0.23631123919308356,
      0.259857303792715,
      0.27131515360717984,
      0.2765889492175024,
      0.28588410104011885,
      0.2873020283412059,
      0.2927211061831463,
      0.2921072043275142,
      0.28877005347593576,
      0.2835722160970231,
      0.2801425875445586,
      0.27543473915650607,
      0.2707657055566164,
      0.2675927618351307,
      0.26292725679228746,
      0.25694561373968683,
      0.25141746314595825,
      0.24754175120961452
    ],
    "_elapsed": 1266.777132987976
  }
}