{
  "config": {
    "model_type": "biencoder",
    "model": "sentence-transformers/all-MiniLM-L6-v2",
    "skip_tfidf": true,
    "agg": "max_chunk",
    "tfidf_scheme": "log",
    "tfidf_ngram": 4,
    "tfidf_top_n": 200,
    "tfidf_min_df": 2,
    "tfidf_max_df": 0.95,
    "alpha": 0.8,
    "chunk_tokens": 256,
    "chunk_stride": 128,
    "encode_batch": 128,
    "batch_size": 32,
    "max_length": 512,
    "citation_beta": 0.0,
    "label": "T_minilm",
    "group": "T"
  },
  "metrics": {
    "model": "",
    "MAP": 0.40481167692741693,
    "MRR": 0.640278085514443,
    "R-Precision": 0.36274797740479586,
    "n_queries": 234,
    "P@5": 0.38888888888888906,
    "R@5": 0.3584868509037454,
    "F1@5": 0.30823675671392164,
    "NDCG@5": 0.490711772621958,
    "MAP@5": 0.40147554605887964,
    "MicroF1@5": 0.31357684355616816,
    "P@6": 0.36894586894586906,
    "R@6": 0.39899465859733285,
    "F1@6": 0.3185872896933475,
    "NDCG@6": 0.4927023965309739,
    "MAP@6": 0.39360992402659106,
    "MicroF1@6": 0.3302518329614281,
    "P@7": 0.3492063492063493,
    "R@7": 0.4295568889429714,
    "F1@7": 0.32140260506955665,
    "NDCG@7": 0.4939117018180856,
    "MAP@7": 0.3871524264976649,
    "MicroF1@7": 0.33926453143534996,
    "P@8": 0.33226495726495725,
    "R@8": 0.4553402561764135,
    "F1@8": 0.32125280287275143,
    "NDCG@8": 0.49483540416665006,
    "MAP@8": 0.38204438969319926,
    "MicroF1@8": 0.34488494593845304,
    "P@9": 0.3138651471984809,
    "R@9": 0.47895066876747755,
    "F1@9": 0.31862249569919454,
    "NDCG@9": 0.4941560147010079,
    "MAP@9": 0.37511362969530976,
    "MicroF1@9": 0.34409161894846435,
    "P@10": 0.2961538461538464,
    "R@10": 0.4939440848198175,
    "F1@10": 0.31251262628761617,
    "NDCG@10": 0.49354644257728103,
    "MAP@10": 0.3714558831208966,
    "MicroF1@10": 0.33995584988962474,
    "P@11": 0.28205128205128244,
    "R@11": 0.5113411458143892,
    "F1@11": 0.30735447581689856,
    "NDCG@11": 0.49612186050797774,
    "MAP@11": 0.370726072807753,
    "MicroF1@11": 0.336734693877551,
    "P@15": 0.23703703703703716,
    "R@15": 0.5617626570754454,
    "F1@15": 0.28563838074777703,
    "NDCG@15": 0.5076927423877725,
    "MAP@15": 0.3737955191903498,
    "MicroF1@15": 0.31683168316831684,
    "P@20": 0.19935897435897446,
    "R@20": 0.6148881788563315,
    "F1@20": 0.26150312305352436,
    "NDCG@20": 0.5240985832627818,
    "MAP@20": 0.3797592948490828,
    "MicroF1@20": 0.29033763808931073,
    "_micro_f1": 0.3456515698805224,
    "_micro_k": 8,
    "_micro_f1_curve": [
      0.12544620091789901,
      0.20227790432801818,
      0.25854261012762453,
      0.2906496432594818,
      0.3141180531584398,
      0.3308847013733631,
      0.33997028231797916,
      0.3456515698805224,
      0.3448995564831725,
      0.34079173838209986,
      0.3375959079283888,
      0.33252480705622933,
      0.3279513524847977,
      0.32380571657005797,
      0.31773916364330723,
      0.3118259915920307,
      0.30850131463628394,
      0.3044283549419094,
      0.29807225012149685,
      0.29124395192757924
    ],
    "_elapsed": 253.81387209892273
  }
}