{
  "config": {
    "model_type": "biencoder",
    "model": "sentence-transformers/all-mpnet-base-v2",
    "skip_tfidf": true,
    "agg": "max_chunk",
    "tfidf_scheme": "log",
    "tfidf_ngram": 4,
    "tfidf_top_n": 200,
    "tfidf_min_df": 2,
    "tfidf_max_df": 0.95,
    "alpha": 0.8,
    "chunk_tokens": 256,
    "chunk_stride": 128,
    "encode_batch": 128,
    "batch_size": 32,
    "max_length": 512,
    "citation_beta": 0.0,
    "label": "T_mpnet",
    "group": "T"
  },
  "metrics": {
    "model": "",
    "MAP": 0.3927930833484027,
    "MRR": 0.6393055156033965,
    "R-Precision": 0.35635749397250943,
    "n_queries": 234,
    "P@5": 0.38888888888888895,
    "R@5": 0.37277173007802195,
    "F1@5": 0.3142433644852352,
    "NDCG@5": 0.497524820606414,
    "MAP@5": 0.4091084995251662,
    "MicroF1@5": 0.31357684355616816,
    "P@6": 0.36538461538461536,
    "R@6": 0.4089336509898251,
    "F1@6": 0.3184526748366939,
    "NDCG@6": 0.49740901389090075,
    "MAP@6": 0.39893993352326707,
    "MicroF1@6": 0.32706407395600895,
    "P@7": 0.3351648351648353,
    "R@7": 0.42494686751709415,
    "F1@7": 0.31045710376282815,
    "NDCG@7": 0.4895028431289866,
    "MAP@7": 0.3850919869372254,
    "MicroF1@7": 0.3256227758007117,
    "P@8": 0.31463675213675213,
    "R@8": 0.4478844386117384,
    "F1@8": 0.30737077181555794,
    "NDCG@8": 0.48772437530225404,
    "MAP@8": 0.3775255041475279,
    "MicroF1@8": 0.32658719157194344,
    "P@9": 0.29392212725546085,
    "R@9": 0.46445065539239755,
    "F1@9": 0.2997693200587627,
    "NDCG@9": 0.4844809542780584,
    "MAP@9": 0.36957752577130915,
    "MicroF1@9": 0.3222280062467465,
    "P@10": 0.27692307692307705,
    "R@10": 0.47805459672192974,
    "F1@10": 0.2938620311918032,
    "NDCG@10": 0.48344408380426346,
    "MAP@10": 0.3653986679350438,
    "MicroF1@10": 0.31788079470198677,
    "P@11": 0.26184926184926227,
    "R@11": 0.4860995707876892,
    "F1@11": 0.2860908890612667,
    "NDCG@11": 0.4829084411775372,
    "MAP@11": 0.3635659383750415,
    "MicroF1@11": 0.31261595547309834,
    "P@15": 0.21880341880341891,
    "R@15": 0.5227261193811622,
    "F1@15": 0.2630262744999865,
    "NDCG@15": 0.49070372961159076,
    "MAP@15": 0.3639163358424031,
    "MicroF1@15": 0.2924600152322925,
    "P@20": 0.18440170940170947,
    "R@20": 0.575415202524837,
    "F1@20": 0.24195767362776882,
    "NDCG@20": 0.5064618170161561,
    "MAP@20": 0.36912853734206386,
    "MicroF1@20": 0.2685545355531352,
    "_micro_f1": 0.327690833599489,
    "_micro_k": 6,
    "_micro_f1_curve": [
      0.12850586435492095,
      0.20227790432801818,
      0.2536023054755043,
      0.2876455125797972,
      0.3141180531584398,
      0.327690833599489,
      0.3263001485884101,
      0.3273131425395943,
      0.3229846073571615,
      0.3186624047209245,
      0.31341548477098347,
      0.31091510474090406,
      0.3053050954078423,
      0.30021986807915246,
      0.29329768951689894,
      0.2898921586547249,
      0.2843120070113935,
      0.2795083347364877,
      0.2744208650575085,
      0.2693928515685968
    ],
    "_elapsed": 1219.9904239177704
  }
}