{
  "config": {
    "model_type": "biencoder",
    "model": "sentence-transformers/all-MiniLM-L6-v2",
    "skip_tfidf": false,
    "agg": "max_chunk",
    "tfidf_scheme": "augmented",
    "tfidf_ngram": 4,
    "tfidf_top_n": 100,
    "tfidf_min_df": 2,
    "tfidf_max_df": 0.95,
    "alpha": 0.8,
    "chunk_tokens": 256,
    "chunk_stride": 128,
    "encode_batch": 128,
    "batch_size": 32,
    "max_length": 512,
    "citation_beta": 0.0,
    "label": "TN_top100",
    "group": "TN"
  },
  "metrics": {
    "model": "",
    "MAP": 0.5667360161180037,
    "MRR": 0.7756161599884861,
    "R-Precision": 0.5162490066411431,
    "n_queries": 234,
    "P@5": 0.5051282051282051,
    "R@5": 0.5055275053774717,
    "F1@5": 0.4180523860742754,
    "NDCG@5": 0.6663103932969686,
    "MAP@5": 0.5847245963912628,
    "MicroF1@5": 0.4073053066850448,
    "P@6": 0.47150997150997154,
    "R@6": 0.5415948626837421,
    "F1@6": 0.4187452835607913,
    "NDCG@6": 0.6640076897734777,
    "MAP@6": 0.5742165242165244,
    "MicroF1@6": 0.42205929231750083,
    "P@7": 0.43956043956043966,
    "R@7": 0.5673486915543127,
    "F1@7": 0.4133326196845303,
    "NDCG@7": 0.6604167236943355,
    "MAP@7": 0.5653376165280931,
    "MicroF1@7": 0.42704626334519574,
    "P@8": 0.4091880341880342,
    "R@8": 0.5861914627064557,
    "F1@8": 0.40314341616038246,
    "NDCG@8": 0.6552147482773835,
    "MAP@8": 0.5542603009864913,
    "MicroF1@8": 0.4247296922650402,
    "P@9": 0.38224121557454904,
    "R@9": 0.6030264257703541,
    "F1@9": 0.39294060917365214,
    "NDCG@9": 0.6504042233667574,
    "MAP@9": 0.5445981395882188,
    "MicroF1@9": 0.4190525767829255,
    "P@10": 0.36153846153846175,
    "R@10": 0.6242937739422635,
    "F1@10": 0.3862436184314876,
    "NDCG@10": 0.6512369375761775,
    "MAP@10": 0.5407607852416055,
    "MicroF1@10": 0.41501103752759383,
    "P@11": 0.3445998445998449,
    "R@11": 0.6514889273800495,
    "F1@11": 0.38125884842641644,
    "NDCG@11": 0.6562523390690013,
    "MAP@11": 0.5401458922782277,
    "MicroF1@11": 0.4114100185528757,
    "P@15": 0.2823361823361827,
    "R@15": 0.6927055061672617,
    "F1@15": 0.3441853802068523,
    "NDCG@15": 0.6625768282873736,
    "MAP@15": 0.5399893364642258,
    "MicroF1@15": 0.37738004569687733,
    "P@20": 0.23397435897435903,
    "R@20": 0.730071486212409,
    "F1@20": 0.3081121623787503,
    "NDCG@20": 0.674420992184441,
    "MAP@20": 0.547095046320286,
    "MicroF1@20": 0.3407499611016026,
    "_micro_f1": 0.4279346210995542,
    "_micro_k": 7,
    "_micro_f1_curve": [
      0.16420193778684344,
      0.26332574031890665,
      0.33758748456154797,
      0.3747653022906497,
      0.40800828443217124,
      0.422868093260939,
      0.4279346210995542,
      0.42567379827729923,
      0.42003652491521004,
      0.41603147283009595,
      0.4124622180888165,
      0.40705622932745317,
      0.3950513734535542,
      0.384569258444933,
      0.3784609509261027,
      0.3703162127581795,
      0.3628396143733567,
      0.35561542347196506,
      0.35023489389275875,
      0.3418136413297955
    ],
    "_elapsed": 262.36416482925415
  }
}