{
  "config": {
    "model_type": "biencoder",
    "model": "sentence-transformers/all-MiniLM-L6-v2",
    "skip_tfidf": false,
    "agg": "max_chunk",
    "tfidf_scheme": "augmented",
    "tfidf_ngram": 4,
    "tfidf_top_n": 50,
    "tfidf_min_df": 2,
    "tfidf_max_df": 0.95,
    "alpha": 0.8,
    "chunk_tokens": 256,
    "chunk_stride": 128,
    "encode_batch": 128,
    "batch_size": 32,
    "max_length": 512,
    "citation_beta": 0.0,
    "label": "TN_top50",
    "group": "TN"
  },
  "metrics": {
    "model": "",
    "MAP": 0.5646472185556674,
    "MRR": 0.7749699733268202,
    "R-Precision": 0.5088152287175316,
    "n_queries": 234,
    "P@5": 0.5034188034188033,
    "R@5": 0.5024313096342171,
    "F1@5": 0.41556814192336455,
    "NDCG@5": 0.6626868104786499,
    "MAP@5": 0.5801590693257358,
    "MicroF1@5": 0.40592694693314957,
    "P@6": 0.46652421652421666,
    "R@6": 0.5367766870322332,
    "F1@6": 0.41400203786731943,
    "NDCG@6": 0.6582459415427725,
    "MAP@6": 0.567687559354226,
    "MicroF1@6": 0.4175964297099139,
    "P@7": 0.4389499389499391,
    "R@7": 0.5690547015936558,
    "F1@7": 0.41360512132958094,
    "NDCG@7": 0.6580379654170887,
    "MAP@7": 0.5603356299784871,
    "MicroF1@7": 0.42645314353499403,
    "P@8": 0.4107905982905983,
    "R@8": 0.5911536301686232,
    "F1@8": 0.4057018780394377,
    "NDCG@8": 0.6547753752187732,
    "MAP@8": 0.5507529507529504,
    "MicroF1@8": 0.4263931244801774,
    "P@9": 0.38176638176638195,
    "R@9": 0.6035252610473794,
    "F1@9": 0.39271264501852954,
    "NDCG@9": 0.6479720980634087,
    "MAP@9": 0.5395583668731814,
    "MicroF1@9": 0.4185320145757418,
    "P@10": 0.3623931623931626,
    "R@10": 0.6275482355300583,
    "F1@10": 0.38761558491419484,
    "NDCG@10": 0.6501622891847382,
    "MAP@10": 0.5369777016536276,
    "MicroF1@10": 0.41599215109148885,
    "P@11": 0.34693084693084714,
    "R@11": 0.6558496168577957,
    "F1@11": 0.38390157961774096,
    "NDCG@11": 0.6561198809675932,
    "MAP@11": 0.5379287469607336,
    "MicroF1@11": 0.4141929499072356,
    "P@15": 0.28176638176638213,
    "R@15": 0.6911245817240182,
    "F1@15": 0.34350272615918037,
    "NDCG@15": 0.6597011129307296,
    "MAP@15": 0.535740623969546,
    "MicroF1@15": 0.3766184310738766,
    "P@20": 0.23589743589743603,
    "R@20": 0.733468165506524,
    "F1@20": 0.310437877277713,
    "NDCG@20": 0.6740229435087471,
    "MAP@20": 0.5444438915563115,
    "MicroF1@20": 0.3435506457133966,
    "_micro_f1": 0.4273409280355654,
    "_micro_k": 8,
    "_micro_f1_curve": [
      0.16420193778684344,
      0.26150341685649203,
      0.33676410045286126,
      0.37176117161096506,
      0.4066275457369693,
      0.4183966783775152,
      0.42734026745913817,
      0.4273409280355654,
      0.41951474041220976,
      0.41701499877059256,
      0.415252266914671,
      0.40793825799338473,
      0.3971482491088279,
      0.38496901858884663,
      0.3776971548596525,
      0.3703162127581795,
      0.364592462751972,
      0.35662569456137394,
      0.3518548517738539,
      0.34462306851880753
    ],
    "_elapsed": 282.99803400039673
  }
}