{
  "config": {
    "model_type": "biencoder",
    "model": "sentence-transformers/all-MiniLM-L6-v2",
    "skip_tfidf": false,
    "agg": "max_chunk",
    "tfidf_scheme": "augmented",
    "tfidf_ngram": 4,
    "tfidf_top_n": 150,
    "tfidf_min_df": 2,
    "tfidf_max_df": 0.95,
    "alpha": 0.8,
    "chunk_tokens": 256,
    "chunk_stride": 128,
    "encode_batch": 128,
    "batch_size": 32,
    "max_length": 512,
    "citation_beta": 0.0,
    "label": "TN_top150",
    "group": "TN"
  },
  "metrics": {
    "model": "",
    "MAP": 0.567026148872346,
    "MRR": 0.775677219924847,
    "R-Precision": 0.5164794267433582,
    "n_queries": 234,
    "P@5": 0.505982905982906,
    "R@5": 0.5072538654371651,
    "F1@5": 0.4190766704318931,
    "NDCG@5": 0.66798350643044,
    "MAP@5": 0.5861775878442544,
    "MicroF1@5": 0.4079944865609924,
    "P@6": 0.47008547008547014,
    "R@6": 0.5396005606894401,
    "F1@6": 0.4171006319161397,
    "NDCG@6": 0.663642861348033,
    "MAP@6": 0.5738960113960117,
    "MicroF1@6": 0.4207841887153332,
    "P@7": 0.43956043956043966,
    "R@7": 0.5674350249739794,
    "F1@7": 0.41339197391055116,
    "NDCG@7": 0.661074332913548,
    "MAP@7": 0.5658211717735527,
    "MicroF1@7": 0.42704626334519574,
    "P@8": 0.4107905982905983,
    "R@8": 0.5862772565422496,
    "F1@8": 0.40436264602333705,
    "NDCG@8": 0.6565660045418573,
    "MAP@8": 0.5559866610461844,
    "MicroF1@8": 0.4263931244801774,
    "P@9": 0.3846153846153848,
    "R@9": 0.6047259608032224,
    "F1@9": 0.3950944900556032,
    "NDCG@9": 0.6525556573811023,
    "MAP@9": 0.5469431967943867,
    "MicroF1@9": 0.4216553878188444,
    "P@10": 0.3606837606837609,
    "R@10": 0.6200051613203176,
    "F1@10": 0.3848717634159079,
    "NDCG@10": 0.6504341409289411,
    "MAP@10": 0.5411187571736513,
    "MicroF1@10": 0.41402992396369875,
    "P@11": 0.34498834498834524,
    "R@11": 0.649423708648164,
    "F1@11": 0.3811329333200108,
    "NDCG@11": 0.6564038806631454,
    "MAP@11": 0.5415724406955167,
    "MicroF1@11": 0.41187384044526903,
    "P@15": 0.28176638176638213,
    "R@15": 0.6917388802006357,
    "F1@15": 0.3435232851003127,
    "NDCG@15": 0.6625906906216632,
    "MAP@15": 0.5404416670130585,
    "MicroF1@15": 0.3766184310738766,
    "P@20": 0.233974358974359,
    "R@20": 0.7309110787186679,
    "F1@20": 0.3082063117080401,
    "NDCG@20": 0.6751831656300561,
    "MAP@20": 0.5478352297552607,
    "MicroF1@20": 0.3407499611016026,
    "_micro_f1": 0.4279346210995542,
    "_micro_k": 7,
    "_micro_f1_curve": [
      0.16420193778684344,
      0.2660592255125285,
      0.3392342527789214,
      0.3740142696207285,
      0.4086986537797722,
      0.4215905461513893,
      0.4279346210995542,
      0.4273409280355654,
      0.4226454474302114,
      0.41504794688959923,
      0.4129272262264589,
      0.4057331863285557,
      0.3950513734535542,
      0.38376973815710574,
      0.3776971548596525,
      0.37250959605191003,
      0.36424189307624893,
      0.35561542347196506,
      0.35088287704519683,
      0.3418136413297955
    ],
    "_elapsed": 260.3444411754608
  }
}