{
  "config": {
    "model_type": "biencoder",
    "model": "sentence-transformers/all-MiniLM-L6-v2",
    "skip_tfidf": false,
    "agg": "max_chunk",
    "tfidf_scheme": "augmented",
    "tfidf_ngram": 4,
    "tfidf_top_n": 300,
    "tfidf_min_df": 2,
    "tfidf_max_df": 0.95,
    "alpha": 0.8,
    "chunk_tokens": 256,
    "chunk_stride": 128,
    "encode_batch": 128,
    "batch_size": 32,
    "max_length": 512,
    "citation_beta": 0.0,
    "label": "TN_top300",
    "group": "TN"
  },
  "metrics": {
    "model": "",
    "MAP": 0.5681741618191226,
    "MRR": 0.7784216933216868,
    "R-Precision": 0.5221731264025751,
    "n_queries": 234,
    "P@5": 0.5059829059829059,
    "R@5": 0.5031314446480777,
    "F1@5": 0.41796589848778787,
    "NDCG@5": 0.6685780514108536,
    "MAP@5": 0.5886134852801518,
    "MicroF1@5": 0.4079944865609924,
    "P@6": 0.47079772079772075,
    "R@6": 0.539529335618215,
    "F1@6": 0.4173499196654274,
    "NDCG@6": 0.6655118330094117,
    "MAP@6": 0.5758428300094969,
    "MicroF1@6": 0.42142174051641695,
    "P@7": 0.44261294261294276,
    "R@7": 0.570520596809551,
    "F1@7": 0.4163113117698851,
    "NDCG@7": 0.6647839609825453,
    "MAP@7": 0.56938945093707,
    "MicroF1@7": 0.43001186239620404,
    "P@8": 0.4129273504273504,
    "R@8": 0.5884069644411882,
    "F1@8": 0.4063452313392557,
    "NDCG@8": 0.6597677343665702,
    "MAP@8": 0.5596305259995734,
    "MicroF1@8": 0.42861103410036044,
    "P@9": 0.38509021842355196,
    "R@9": 0.6034913929019878,
    "F1@9": 0.39524216564187525,
    "NDCG@9": 0.6540791155943311,
    "MAP@9": 0.5492688326517687,
    "MicroF1@9": 0.42217595002602815,
    "P@10": 0.36282051282051303,
    "R@10": 0.6283613884265447,
    "F1@10": 0.38780301182226934,
    "NDCG@10": 0.6552101850967339,
    "MAP@10": 0.5450986612593756,
    "MicroF1@10": 0.41648270787343633,
    "P@11": 0.3461538461538463,
    "R@11": 0.6515993108237663,
    "F1@11": 0.3825956081842202,
    "NDCG@11": 0.659281612325329,
    "MAP@11": 0.544949960353099,
    "MicroF1@11": 0.41326530612244894,
    "P@15": 0.2817663817663821,
    "R@15": 0.691881806764967,
    "F1@15": 0.34349825884549634,
    "NDCG@15": 0.6643031961104826,
    "MAP@15": 0.5429545403180209,
    "MicroF1@15": 0.3766184310738766,
    "P@20": 0.23333333333333336,
    "R@20": 0.7308583536659429,
    "F1@20": 0.30743860444508936,
    "NDCG@20": 0.6765502649373462,
    "MAP@20": 0.5497980571560597,
    "MicroF1@20": 0.33981639956433796,
    "_micro_f1": 0.4309063893016345,
    "_micro_k": 7,
    "_micro_f1_curve": [
      0.16624171341152474,
      0.26514806378132116,
      0.33758748456154797,
      0.3747653022906497,
      0.4086986537797722,
      0.4222293197061641,
      0.4309063893016345,
      0.42956376771325366,
      0.42316723193321154,
      0.41750676174084095,
      0.4143222506393862,
      0.4044101433296582,
      0.39421262319144473,
      0.38496901858884663,
      0.3776971548596525,
      0.3703162127581795,
      0.36424189307624893,
      0.35729920862097997,
      0.35023489389275875,
      0.3408771656001248
    ],
    "_elapsed": 263.42458963394165
  }
}