{
    "precision_vs_K": [
        0.6425531914893617,
        0.5829787234042553,
        0.5375886524822695,
        0.5,
        0.4604255319148936,
        0.424822695035461,
        0.4,
        0.3723404255319149,
        0.3470449172576832,
        0.3276595744680851,
        0.3117988394584139,
        0.2968085106382979,
        0.2824877250409165,
        0.270516717325228,
        0.25843971631205676,
        0.24654255319148935,
        0.2360450563204005,
        0.2260047281323877,
        0.21724524076147816,
        0.2097872340425532
    ],
    "recall_vs_K": [
        0.08743485813549508,
        0.15865662999420962,
        0.21945570353213664,
        0.2721482339316734,
        0.3132599884192241,
        0.3468442385639838,
        0.3810075275043428,
        0.4053271569195136,
        0.42501447596989,
        0.445859872611465,
        0.46670526925303996,
        0.4846554719166184,
        0.49971048060220036,
        0.5153445280833816,
        0.527504342790967,
        0.5367689635205559,
        0.5460335842501448,
        0.5535610885929357,
        0.561667631731326,
        0.5709322524609148
    ],
    "f1_vs_K": [
        0.15392456676860344,
        0.24943104233045063,
        0.31167763157894735,
        0.35245594300712413,
        0.3728463128876636,
        0.381893528849219,
        0.3902728351126928,
        0.388134183532021,
        0.38209266007287873,
        0.37772872209958297,
        0.37384044526901666,
        0.368154827358698,
        0.3609368465077373,
        0.3547937014151884,
        0.34691546077684693,
        0.3378895571350465,
        0.329605033205173,
        0.32096692966258183,
        0.31330749354005166,
        0.30683055858098646
    ]
}