{
    "recall_vs_K": [
        0.06543138390272148,
        0.11522872032426172,
        0.14997104806022005,
        0.17660683265778807,
        0.19803126809496235,
        0.21598147075854082,
        0.23161551823972207,
        0.2472495657209033,
        0.2594093804284887,
        0.2721482339316734,
        0.2814128546612623,
        0.28836132020845395,
        0.29357266936884774,
        0.3039953676896352,
        0.30978575564562827,
        0.3132599884192241,
        0.3161551823972206,
        0.31905037637521716,
        0.322524609148813,
        0.3248407643312102
    ],
    "precision_vs_K": [
        0.4808510638297872,
        0.42340425531914894,
        0.36737588652482267,
        0.324468085106383,
        0.29106382978723405,
        0.2645390070921986,
        0.24316109422492402,
        0.2271276595744681,
        0.21182033096926714,
        0.2,
        0.18800773694390716,
        0.17659574468085107,
        0.16595744680851063,
        0.1595744680851064,
        0.15177304964539007,
        0.14388297872340425,
        0.13667083854818524,
        0.13026004728132387,
        0.12474804031354983,
        0.11936170212765958
    ],
    "f1_vs_K": [
        0.11518858307849134,
        0.18115612198452435,
        0.21299342105263155,
        0.22872140982377204,
        0.23569951757408683,
        0.2378068218042716,
        0.23724792408066428,
        0.23676185195453286,
        0.2332118688183238,
        0.2305616875153299,
        0.22541743970315398,
        0.21904552452166265,
        0.21204516938519447,
        0.20928841937412795,
        0.20373191165270374,
        0.19719336613814467,
        0.19084236281020622,
        0.18499244586201108,
        0.17990956072351422,
        0.1745760074684923
    ]
}