{
    "recall_vs_K": [
        0.010361718161266013,
        0.01639035418236624,
        0.022418990203466466,
        0.02920120572720422,
        0.03654860587792012,
        0.041258477769404674,
        0.04672192916352675,
        0.05086661642803316,
        0.05595327807083647,
        0.05915599095704597,
        0.06386586284853052,
        0.06782215523737754,
        0.07177844762622457,
        0.0766767143933685,
        0.08082140165787491,
        0.08440090429540316,
        0.08873398643556896,
        0.09419743782969103,
        0.09853051996985682,
        0.10248681235870384
    ],
    "precision_vs_K": [
        0.06650544135429262,
        0.05259975816203144,
        0.04796453043127771,
        0.04685610640870617,
        0.04691656590084643,
        0.044135429262394194,
        0.04283986871653135,
        0.040810157194679564,
        0.03990326481257558,
        0.03796856106408706,
        0.03726503242827306,
        0.036275695284159616,
        0.03543856385452516,
        0.035152876144411815,
        0.034582829504232165,
        0.03385731559854897,
        0.033501671527135644,
        0.033588606744592235,
        0.033284541462483296,
        0.032889963724304715
    ],
    "f1_vs_K": [
        0.017929910350448244,
        0.02499281815570238,
        0.030555912183849017,
        0.035979572887650885,
        0.041088637085671925,
        0.042648490749756574,
        0.04469676489141208,
        0.04528681650452868,
        0.04658458160144302,
        0.046251288849609655,
        0.04706699062825408,
        0.04726890756302521,
        0.04745002802167009,
        0.048205614118204426,
        0.04843899960481003,
        0.04832793959007551,
        0.048639438219651984,
        0.04951965930474398,
        0.049759764045478334,
        0.049798608568290006
    ]
}