{
    "recall_vs_K": [
        0.05595327807083647,
        0.09683496608892238,
        0.12867370007535794,
        0.15259984928409948,
        0.17351168048229088,
        0.18990203466465713,
        0.199698568198945,
        0.21137905048982666,
        0.2192916352675207,
        0.22663903541823663,
        0.23474001507159006,
        0.24020346646571214,
        0.2467972871137905,
        0.25263752825923136,
        0.2560286360211002,
        0.2594197437829691,
        0.2626224566691786,
        0.2654483798040693,
        0.26827430293896004,
        0.2701582516955539
    ],
    "precision_vs_K": [
        0.3591293833131802,
        0.31076178960096734,
        0.27529222087867794,
        0.24486094316807738,
        0.22273276904474001,
        0.20314389359129384,
        0.18310589048194853,
        0.1695888754534462,
        0.15638855300282145,
        0.14546553808948004,
        0.13696823128503902,
        0.1284764207980653,
        0.12184913031345922,
        0.1158231128001382,
        0.10955259975816203,
        0.10406590084643288,
        0.09915356711003627,
        0.09465269380626092,
        0.09062559663972507,
        0.08669891172914147
    ],
    "f1_vs_K": [
        0.09682151589242054,
        0.1476587187589773,
        0.17537552959301578,
        0.1880222841225627,
        0.19506512760775177,
        0.19629990262901656,
        0.19104262413264847,
        0.18819188191881916,
        0.18257391577131205,
        0.17719840919133895,
        0.1729954876778896,
        0.16741071428571427,
        0.1631483903107292,
        0.15882979983418216,
        0.15344662112572685,
        0.14854368932038833,
        0.14395621417875767,
        0.13954639992076856,
        0.13548356405499262,
        0.13127059685097037
    ]
}